Ticker,Name,Sector,Asset Class,Market Value,Weight (%),Notional Value,Quantity,Price,Location,Exchange,Currency,FX Rate,Market Currency,Accrual Date
"TWST","TWIST BIOSCIENCE","Health Care","Equity","311,251,411.24","0.40","311,251,411.24","1,691,308.00","184.03","United States","NASDAQ","USD","1.00","USD","-"
"MOG A","MOOG INC CLASS A","Industrials","Equity","279,992,724.75","0.36","279,992,724.75","731,529.00","382.75","United States","NYSE","USD","1.00","USD","-"
"HUT","HUT CORP","Information Technology","Equity","267,716,607.02","0.35","267,716,607.02","2,636,563.00","101.54","United States","NASDAQ","USD","1.00","USD","-"
"FROG","JFROG","Information Technology","Equity","262,637,418.60","0.34","262,637,418.60","2,788,083.00","94.20","United States","NASDAQ","USD","1.00","USD","-"
"UMBF","UMB FINANCIAL","Financials","Equity","256,557,134.36","0.33","256,557,134.36","1,900,564.00","134.99","United States","NASDAQ","USD","1.00","USD","-"
"TXG","10X GENOMICS CLASS A","Health Care","Equity","251,676,044.75","0.33","251,676,044.75","2,992,225.00","84.11","United States","NASDAQ","USD","1.00","USD","-"
"VSAT","VIASAT INC","Information Technology","Equity","242,135,993.92","0.31","242,135,993.92","3,284,536.00","73.72","United States","NASDAQ","USD","1.00","USD","-"
"BTSG","BRIGHTSPRING HEALTH SERVICES INC","Health Care","Equity","240,570,719.44","0.31","240,570,719.44","4,294,372.00","56.02","United States","NASDAQ","USD","1.00","USD","-"
"KRYS","KRYSTAL BIOTECH","Health Care","Equity","229,756,468.48","0.30","229,756,468.48","666,038.00","344.96","United States","NASDAQ","USD","1.00","USD","-"
"EAT","BRINKER INTERNATIONAL INC","Consumer Discretionary","Equity","229,440,245.02","0.30","229,440,245.02","1,109,962.00","206.71","United States","NYSE","USD","1.00","USD","-"
"CTRE","CARETRUST REIT","Real Estate","Equity","228,537,566.28","0.30","228,537,566.28","6,123,729.00","37.32","United States","NYSE","USD","1.00","USD","-"
"GKOS","GLAUKOS","Health Care","Equity","228,004,888.32","0.30","228,004,888.32","1,472,139.00","154.88","United States","NYSE","USD","1.00","USD","-"
"CYTK","CYTOKINETICS","Health Care","Equity","226,205,791.28","0.29","226,205,791.28","3,445,108.00","65.66","United States","NASDAQ","USD","1.00","USD","-"
"ONB","OLD NATIONAL BANCORP","Financials","Equity","226,144,324.25","0.29","226,144,324.25","9,013,325.00","25.09","United States","NASDAQ","USD","1.00","USD","-"
"FCFS","FIRSTCASH HOLDINGS INC","Financials","Equity","225,890,005.60","0.29","225,890,005.60","1,043,854.00","216.40","United States","NASDAQ","USD","1.00","USD","-"
"IDCC","INTERDIGITAL INC","Information Technology","Equity","218,884,578.10","0.28","218,884,578.10","667,270.00","328.03","United States","NASDAQ","USD","1.00","USD","-"
"SM","SM ENERGY","Energy","Equity","218,634,284.70","0.28","218,634,284.70","6,228,897.00","35.10","United States","NYSE","USD","1.00","USD","-"
"PTGX","PROTAGONIST THERAPEUTICS","Health Care","Equity","215,572,022.82","0.28","215,572,022.82","1,569,623.00","137.34","United States","NASDAQ","USD","1.00","USD","-"
"RIOT","RIOT PLATFORMS","Information Technology","Equity","214,530,185.60","0.28","214,530,185.60","9,136,720.00","23.48","United States","NASDAQ","USD","1.00","USD","-"
"TGTX","TG THERAPEUTICS","Health Care","Equity","213,727,984.32","0.28","213,727,984.32","3,715,716.00","57.52","United States","NASDAQ","USD","1.00","USD","-"
"RHP","RYMAN HOSPITALITY PROPERTIES REIT","Real Estate","Equity","211,913,483.31","0.27","211,913,483.31","1,737,423.00","121.97","United States","NYSE","USD","1.00","USD","-"
"JXN","JACKSON FINANCIAL CLASS A","Financials","Equity","203,804,748.30","0.26","203,804,748.30","1,565,922.00","130.15","United States","NYSE","USD","1.00","USD","-"
"XTSLA","BLK CSH FND TREASURY SL AGENCY","Cash and/or Derivatives","Money Market","194,362,230.57","0.25","194,362,230.57","194,362,231.00","1.00","United States","-","USD","1.00","USD","-"
"SNEX","STONEX GROUP INC","Financials","Equity","194,176,659.60","0.25","194,176,659.60","2,793,105.00","69.52","United States","NASDAQ","USD","1.00","USD","-"
"SSRM","SSR MINING","Materials","Equity","192,630,790.08","0.25","192,630,790.08","5,377,744.00","35.82","Canada","NASDAQ","USD","1.00","USD","-"
"PCVX","VAXCYTE","Health Care","Equity","191,152,932.60","0.25","191,152,932.60","3,359,454.00","56.90","United States","NASDAQ","USD","1.00","USD","-"
"MXL","MAXLINEAR","Information Technology","Equity","191,144,306.35","0.25","191,144,306.35","2,240,585.00","85.31","United States","NASDAQ","USD","1.00","USD","-"
"HQY","HEALTHEQUITY","Health Care","Equity","189,943,692.40","0.25","189,943,692.40","2,143,834.00","88.60","United States","NASDAQ","USD","1.00","USD","-"
"SLAB","SILICON LABORATORIES","Information Technology","Equity","187,653,642.52","0.24","187,653,642.52","847,654.00","221.38","United States","NASDAQ","USD","1.00","USD","-"
"ACA","ARCOSA","Industrials","Equity","185,192,928.36","0.24","185,192,928.36","1,263,943.00","146.52","United States","NYSE","USD","1.00","USD","-"
"CMC","COMMERCIAL METALS","Materials","Equity","185,061,874.92","0.24","185,061,874.92","2,881,686.00","64.22","United States","NYSE","USD","1.00","USD","-"
"KYMR","KYMERA THERAPEUTICS","Health Care","Equity","184,839,476.98","0.24","184,839,476.98","1,596,058.00","115.81","United States","NASDAQ","USD","1.00","USD","-"
"TRNO","TERRENO REALTY REIT","Real Estate","Equity","182,369,813.99","0.24","182,369,813.99","2,745,293.00","66.43","United States","NYSE","USD","1.00","USD","-"
"PBF","PBF ENERGY CLASS A","Energy","Equity","181,789,299.70","0.24","181,789,299.70","2,528,363.00","71.90","United States","NYSE","USD","1.00","USD","-"
"FLR","FLUOR CORP","Industrials","Equity","181,711,576.30","0.24","181,711,576.30","3,589,010.00","50.63","United States","NYSE","USD","1.00","USD","-"
"PLXS","PLEXUS CORP","Information Technology","Equity","181,188,469.90","0.23","181,188,469.90","692,590.00","261.61","United States","NASDAQ","USD","1.00","USD","-"
"ESE","ESCO TECHNOLOGIES","Industrials","Equity","181,150,752.76","0.23","181,150,752.76","674,878.00","268.42","United States","NYSE","USD","1.00","USD","-"
"PRAX","PRAXIS PRECISION MEDICINES","Health Care","Equity","180,935,104.68","0.23","180,935,104.68","642,092.00","281.79","United States","NASDAQ","USD","1.00","USD","-"
"ZWS","ZURN ELKAY WATER SOLUTIONS CORP","Industrials","Equity","179,535,726.80","0.23","179,535,726.80","3,852,698.00","46.60","United States","NYSE","USD","1.00","USD","-"
"OSCR","OSCAR HEALTH CLASS A","Financials","Equity","178,136,474.39","0.23","178,136,474.39","6,170,297.00","28.87","United States","NYSE","USD","1.00","USD","-"
"FSS","FEDERAL SIGNAL CORP","Industrials","Equity","175,642,105.86","0.23","175,642,105.86","1,557,387.00","112.78","United States","NYSE","USD","1.00","USD","-"
"MATX","MATSON INC","Industrials","Equity","175,438,511.82","0.23","175,438,511.82","780,351.00","224.82","United States","NYSE","USD","1.00","USD","-"
"ALKS","ALKERMES","Health Care","Equity","174,703,488.42","0.23","174,703,488.42","4,282,998.00","40.79","United States","NASDAQ","USD","1.00","USD","-"
"COMP","COMPASS INC CLASS A","Real Estate","Equity","173,498,070.52","0.22","173,498,070.52","18,675,788.00","9.29","United States","NYSE","USD","1.00","USD","-"
"ZETA","ZETA GLOBAL HOLDINGS CLASS A","Information Technology","Equity","171,702,167.38","0.22","171,702,167.38","5,806,634.00","29.57","United States","NYSE","USD","1.00","USD","-"
"NPO","ENPRO","Industrials","Equity","171,635,599.74","0.22","171,635,599.74","551,546.00","311.19","United States","NYSE","USD","1.00","USD","-"
"SYRE","SPYRE THERAPEUTICS INC","Health Care","Equity","169,777,077.96","0.22","169,777,077.96","1,949,444.00","87.09","United States","NASDAQ","USD","1.00","USD","-"
"QLYS","QUALYS","Information Technology","Equity","167,745,369.48","0.22","167,745,369.48","916,942.00","182.94","United States","NASDAQ","USD","1.00","USD","-"
"GATX","GATX","Industrials","Equity","167,195,431.34","0.22","167,195,431.34","911,743.00","183.38","United States","NYSE","USD","1.00","USD","-"
"ENS","ENERSYS","Industrials","Equity","167,053,782.82","0.22","167,053,782.82","943,114.00","177.13","United States","NYSE","USD","1.00","USD","-"
"TEX","TEREX","Industrials","Equity","166,792,045.30","0.22","166,792,045.30","2,945,815.00","56.62","United States","NYSE","USD","1.00","USD","-"
"LNTH","LANTHEUS HOLDINGS","Health Care","Equity","166,075,383.24","0.22","166,075,383.24","1,665,417.00","99.72","United States","NASDAQ","USD","1.00","USD","-"
"QBTS","D WAVE QUANTUM","Information Technology","Equity","164,566,543.76","0.21","164,566,543.76","9,414,562.00","17.48","United States","NASDAQ","USD","1.00","USD","-"
"MAC","MACERICH REIT","Real Estate","Equity","164,467,759.28","0.21","164,467,759.28","7,264,477.00","22.64","United States","NYSE","USD","1.00","USD","-"
"TXNM","TXNM ENERGY INC","Utilities","Equity","163,792,410.18","0.21","163,792,410.18","2,815,754.00","58.17","United States","NYSE","USD","1.00","USD","-"
"VLY","VALLEY NATIONAL","Financials","Equity","161,927,281.44","0.21","161,927,281.44","12,494,389.00","12.96","United States","NASDAQ","USD","1.00","USD","-"
"CVLT","COMMVAULT SYSTEMS","Information Technology","Equity","161,322,000.00","0.21","161,322,000.00","1,075,480.00","150.00","United States","NASDAQ","USD","1.00","USD","-"
"HIMS","HIMS HERS HEALTH CLASS A","Health Care","Equity","161,222,150.88","0.21","161,222,150.88","5,506,221.00","29.28","United States","NYSE","USD","1.00","USD","-"
"LTH","LIFE TIME GROUP HOLDINGS","Consumer Discretionary","Equity","159,582,379.92","0.21","159,582,379.92","4,003,572.00","39.86","United States","NYSE","USD","1.00","USD","-"
"UBSI","UNITED BANKSHARES","Financials","Equity","159,472,269.00","0.21","159,472,269.00","3,427,300.00","46.53","United States","NASDAQ","USD","1.00","USD","-"
"CIFR","CIPHER DIGITAL INC","Information Technology","Equity","157,042,007.40","0.20","157,042,007.40","8,676,354.00","18.10","United States","NASDAQ","USD","1.00","USD","-"
"VSXY","VICTORIA S SECRET","Consumer Discretionary","Equity","156,621,446.08","0.20","156,621,446.08","1,868,768.00","83.81","United States","NYSE","USD","1.00","USD","-"
"HWC","HANCOCK WHITNEY","Financials","Equity","154,958,064.56","0.20","154,958,064.56","2,117,492.00","73.18","United States","NASDAQ","USD","1.00","USD","-"
"SWX","SOUTHWEST GAS HOLDINGS","Utilities","Equity","154,484,630.56","0.20","154,484,630.56","1,898,312.00","81.38","United States","NYSE","USD","1.00","USD","-"
"LGND","LIGAND PHARMACEUTICALS","Health Care","Equity","152,971,818.72","0.20","152,971,818.72","511,543.00","299.04","United States","NASDAQ","USD","1.00","USD","-"
"ANF","ABERCROMBIE AND FITCH CLASS A","Consumer Discretionary","Equity","152,835,683.10","0.20","152,835,683.10","1,138,017.00","134.30","United States","NYSE","USD","1.00","USD","-"
"GBCI","GLACIER BANCORP INC","Financials","Equity","151,076,811.45","0.20","151,076,811.45","3,406,467.00","44.35","United States","NYSE","USD","1.00","USD","-"
"JBTM","JBT MAREL","Industrials","Equity","149,818,772.20","0.19","149,818,772.20","1,353,988.00","110.65","United States","NYSE","USD","1.00","USD","-"
"MGY","MAGNOLIA OIL GAS CORP CLASS A","Energy","Equity","149,753,298.16","0.19","149,753,298.16","6,053,084.00","24.74","United States","NYSE","USD","1.00","USD","-"
"EPRT","ESSENTIAL PROPERTIES REALTY TRUST","Real Estate","Equity","149,205,619.54","0.19","149,205,619.54","5,636,782.00","26.47","United States","NYSE","USD","1.00","USD","-"
"ORA","ORMAT TECH INC","Utilities","Equity","148,454,796.42","0.19","148,454,796.42","1,604,223.00","92.54","United States","NYSE","USD","1.00","USD","-"
"CORZ","CORE SCIENTIFIC INC","Information Technology","Equity","148,142,415.60","0.19","148,142,415.60","8,175,630.00","18.12","United States","NASDAQ","USD","1.00","USD","-"
"ESNT","ESSENT GROUP","Financials","Equity","147,541,923.90","0.19","147,541,923.90","2,296,015.00","64.26","United States","NYSE","USD","1.00","USD","-"
"LUMN","LUMEN TECHNOLOGIES","Communication","Equity","145,612,526.44","0.19","145,612,526.44","24,848,554.00","5.86","United States","NYSE","USD","1.00","USD","-"
"RYTM","RHYTHM PHARMACEUTICALS","Health Care","Equity","145,147,243.44","0.19","145,147,243.44","1,476,424.00","98.31","United States","NASDAQ","USD","1.00","USD","-"
"NE","NOBLE CORPORATION PLC","Energy","Equity","143,817,863.58","0.19","143,817,863.58","3,288,017.00","43.74","United States","NYSE","USD","1.00","USD","-"
"HOMB","HOME BANCSHARES INC","Financials","Equity","143,664,275.68","0.19","143,664,275.68","4,960,783.00","28.96","United States","NYSE","USD","1.00","USD","-"
"POR","PORTLAND GENERAL ELECTRIC","Utilities","Equity","141,996,116.79","0.18","141,996,116.79","3,047,781.00","46.59","United States","NYSE","USD","1.00","USD","-"
"RGTI","RIGETTI COMPUTING","Information Technology","Equity","141,266,878.50","0.18","141,266,878.50","8,561,629.00","16.50","United States","NASDAQ","USD","1.00","USD","-"
"SXT","SENSIENT TECHNOLOGIES","Materials","Equity","140,839,155.96","0.18","140,839,155.96","1,098,418.00","128.22","United States","NYSE","USD","1.00","USD","-"
"VRNS","VARONIS SYSTEMS","Information Technology","Equity","140,136,943.80","0.18","140,136,943.80","2,922,564.00","47.95","United States","NASDAQ","USD","1.00","USD","-"
"BKH","BLACK HILLS CORP","Utilities","Equity","140,074,125.66","0.18","140,074,125.66","2,003,062.00","69.93","United States","NYSE","USD","1.00","USD","-"
"BCPC","BALCHEM","Materials","Equity","139,469,333.44","0.18","139,469,333.44","830,966.00","167.84","United States","NASDAQ","USD","1.00","USD","-"
"SRRK","SCHOLAR ROCK HOLDING","Health Care","Equity","138,755,592.26","0.18","138,755,592.26","2,854,466.00","48.61","United States","NASDAQ","USD","1.00","USD","-"
"KGS","KODIAK GAS SERVICES INC","Energy","Equity","138,641,089.61","0.18","138,641,089.61","2,625,281.00","52.81","United States","NYSE","USD","1.00","USD","-"
"TVTX","TRAVERE THERAPEUTICS","Health Care","Equity","138,203,961.42","0.18","138,203,961.42","2,279,841.00","60.62","United States","NASDAQ","USD","1.00","USD","-"
"AUB","ATLANTIC UNION BANKSHARES","Financials","Equity","138,017,660.76","0.18","138,017,660.76","3,583,013.00","38.52","United States","NYSE","USD","1.00","USD","-"
"MTRN","MATERION","Materials","Equity","137,392,727.58","0.18","137,392,727.58","536,397.00","256.14","United States","NYSE","USD","1.00","USD","-"
"RIG","TRANSOCEAN","Energy","Equity","136,870,952.91","0.18","136,870,952.91","25,206,437.00","5.43","United States","NYSE","USD","1.00","USD","-"
"AROC","ARCHROCK","Energy","Equity","136,797,425.96","0.18","136,797,425.96","4,458,847.00","30.68","United States","NYSE","USD","1.00","USD","-"
"CWST","CASELLA WASTE SYSTEMS CLASS A","Industrials","Equity","136,424,522.85","0.18","136,424,522.85","1,627,395.00","83.83","United States","NASDAQ","USD","1.00","USD","-"
"SIGI","SELECTIVE INSURANCE GROUP","Financials","Equity","135,414,873.09","0.18","135,414,873.09","1,578,906.00","85.77","United States","NASDAQ","USD","1.00","USD","-"
"NJR","NEW JERSEY RESOURCES CORP","Utilities","Equity","135,273,819.66","0.18","135,273,819.66","2,649,311.00","51.06","United States","NYSE","USD","1.00","USD","-"
"COGT","COGENT BIOSCIENCES","Health Care","Equity","133,871,684.80","0.17","133,871,684.80","4,259,360.00","31.43","United States","NASDAQ","USD","1.00","USD","-"
"MMSI","MERIT MEDICAL SYSTEMS INC","Health Care","Equity","132,877,234.80","0.17","132,877,234.80","1,522,076.00","87.30","United States","NASDAQ","USD","1.00","USD","-"
"MUR","MURPHY OIL CORP","Energy","Equity","132,825,680.82","0.17","132,825,680.82","3,553,389.00","37.38","United States","NYSE","USD","1.00","USD","-"
"ACIW","ACI WORLDWIDE","Information Technology","Equity","132,063,878.10","0.17","132,063,878.10","2,661,505.00","49.62","United States","NASDAQ","USD","1.00","USD","-"
"PI","IMPINJ","Information Technology","Equity","132,005,321.13","0.17","132,005,321.13","747,609.00","176.57","United States","NASDAQ","USD","1.00","USD","-"
"GRAL","GRAIL INC","Health Care","Equity","131,949,052.62","0.17","131,949,052.62","1,053,822.00","125.21","United States","NASDAQ","USD","1.00","USD","-"
"ABCB","AMERIS BANCORP","Financials","Equity","131,846,952.22","0.17","131,846,952.22","1,612,018.00","81.79","United States","NYSE","USD","1.00","USD","-"
"PTCT","PTC THERAPEUTICS","Health Care","Equity","131,669,199.72","0.17","131,669,199.72","2,114,149.00","62.28","United States","NASDAQ","USD","1.00","USD","-"
"FTDR","FRONTDOOR INC","Consumer Discretionary","Equity","131,283,141.48","0.17","131,283,141.48","1,826,421.00","71.88","United States","NASDAQ","USD","1.00","USD","-"
"NOVT","NOVANTA","Information Technology","Equity","131,058,478.36","0.17","131,058,478.36","926,012.00","141.53","United States","NASDAQ","USD","1.00","USD","-"
"KRG","KITE REALTY GROUP TRUST REIT","Real Estate","Equity","130,805,028.97","0.17","130,805,028.97","5,293,607.00","24.71","United States","NYSE","USD","1.00","USD","-"
"VSEC","VSE CORP","Industrials","Equity","130,323,872.64","0.17","130,323,872.64","722,256.00","180.44","United States","NASDAQ","USD","1.00","USD","-"
"RDNT","RADNET","Health Care","Equity","130,219,476.24","0.17","130,219,476.24","1,826,104.00","71.31","United States","NASDAQ","USD","1.00","USD","-"
"CGON","CG ONCOLOGY","Health Care","Equity","129,655,162.44","0.17","129,655,162.44","1,885,619.00","68.76","United States","NASDAQ","USD","1.00","USD","-"
"SBRA","SABRA HEALTH CARE REIT","Real Estate","Equity","129,425,491.20","0.17","129,425,491.20","6,546,560.00","19.77","United States","NASDAQ","USD","1.00","USD","-"
"PIPR","PIPER SANDLER COMPANIES","Financials","Equity","129,419,194.32","0.17","129,419,194.32","1,820,754.00","71.08","United States","NYSE","USD","1.00","USD","-"
"XMTR","XOMETRY CLASS A","Industrials","Equity","129,296,295.00","0.17","129,296,295.00","1,327,750.00","97.38","United States","NASDAQ","USD","1.00","USD","-"
"MARA","MARA HOLDINGS","Information Technology","Equity","128,376,970.16","0.17","128,376,970.16","9,936,298.00","12.92","United States","NASDAQ","USD","1.00","USD","-"
"CRSP","CRISPR THERAPEUTICS AG","Health Care","Equity","127,803,817.10","0.17","127,803,817.10","2,294,503.00","55.70","United States","NASDAQ","USD","1.00","USD","-"
"LQDA","LIQUIDIA","Health Care","Equity","127,487,926.50","0.17","127,487,926.50","1,796,870.00","70.95","United States","NASDAQ","USD","1.00","USD","-"
"CAKE","CHEESECAKE FACTORY INC","Consumer Discretionary","Equity","127,109,449.50","0.16","127,109,449.50","1,209,990.00","105.05","United States","NASDAQ","USD","1.00","USD","-"
"AGX","ARGAN","Industrials","Equity","126,732,060.00","0.16","126,732,060.00","351,000.00","361.06","United States","NYSE","USD","1.00","USD","-"
"GVA","GRANITE CONSTRUCTION","Industrials","Equity","126,364,911.13","0.16","126,364,911.13","1,139,141.00","110.93","United States","NYSE","USD","1.00","USD","-"
"GLNG","GOLAR LNG","Energy","Equity","125,198,682.47","0.16","125,198,682.47","2,498,477.00","50.11","Norway","NASDAQ","USD","1.00","USD","-"
"HAE","HAEMONETICS CORP","Health Care","Equity","124,895,136.00","0.16","124,895,136.00","1,178,256.00","106.00","United States","NYSE","USD","1.00","USD","-"
"PECO","PHILLIPS EDISON AND COMPANY","Real Estate","Equity","124,881,553.92","0.16","124,881,553.92","3,364,266.00","37.12","United States","NASDAQ","USD","1.00","USD","-"
"NSIT","INSIGHT ENTERPRISES INC","Information Technology","Equity","124,662,396.61","0.16","124,662,396.61","780,457.00","159.73","United States","NASDAQ","USD","1.00","USD","-"
"CNO","CNO FINANCIAL GROUP","Financials","Equity","124,562,394.48","0.16","124,562,394.48","2,327,399.00","53.52","United States","NYSE","USD","1.00","USD","-"
"AXTI","AXT","Information Technology","Equity","123,670,245.60","0.16","123,670,245.60","1,629,384.00","75.90","United States","NASDAQ","USD","1.00","USD","-"
"CNX","CNX RESOURCES","Energy","Equity","123,224,365.68","0.16","123,224,365.68","3,688,248.00","33.41","United States","NYSE","USD","1.00","USD","-"
"AIR","AAR","Industrials","Equity","123,208,462.08","0.16","123,208,462.08","1,021,968.00","120.56","United States","NYSE","USD","1.00","USD","-"
"ASB","ASSOCIATED BANCORP","Financials","Equity","122,962,902.30","0.16","122,962,902.30","4,229,890.00","29.07","United States","NYSE","USD","1.00","USD","-"
"SKY","CHAMPION HOMES INC","Consumer Discretionary","Equity","121,775,441.76","0.16","121,775,441.76","1,421,282.00","85.68","United States","NYSE","USD","1.00","USD","-"
"HCC","WARRIOR MET COAL INC","Materials","Equity","120,762,433.80","0.16","120,762,433.80","1,357,644.00","88.95","United States","NYSE","USD","1.00","USD","-"
"CSW","CSW INDUSTRIALS","Industrials","Equity","120,635,576.10","0.16","120,635,576.10","409,698.00","294.45","United States","NYSE","USD","1.00","USD","-"
"AX","AXOS FINANCIAL","Financials","Equity","120,478,100.90","0.16","120,478,100.90","1,360,105.00","88.58","United States","NYSE","USD","1.00","USD","-"
"OII","OCEANEERING INTERNATIONAL INC","Energy","Equity","120,383,118.18","0.16","120,383,118.18","2,579,454.00","46.67","United States","NYSE","USD","1.00","USD","-"
"ADPT","ADAPTIVE BIOTECHNOLOGIES","Health Care","Equity","120,264,590.55","0.16","120,264,590.55","4,067,115.00","29.57","United States","NASDAQ","USD","1.00","USD","-"
"VAL","VALARIS LTD","Energy","Equity","120,081,787.88","0.16","120,081,787.88","1,468,172.00","81.79","United States","NYSE","USD","1.00","USD","-"
"HASI","HA SUSTAINABLE INFRASTRUCTURE CAPI","Financials","Equity","119,875,136.96","0.16","119,875,136.96","3,315,131.00","36.16","United States","NYSE","USD","1.00","USD","-"
"MRCY","MERCURY SYSTEMS INC","Industrials","Equity","119,804,604.60","0.16","119,804,604.60","1,440,392.00","83.17","United States","NASDAQ","USD","1.00","USD","-"
"UEC","URANIUM ENERGY","Energy","Equity","119,679,767.13","0.16","119,679,767.13","12,637,779.00","9.47","United States","Nyse Mkt Llc","USD","1.00","USD","-"
"IBP","INSTALLED BUILDING PRODUCTS","Consumer Discretionary","Equity","119,508,025.86","0.15","119,508,025.86","608,834.00","196.29","United States","NYSE","USD","1.00","USD","-"
"GTX","GARRETT MOTION","Consumer Discretionary","Equity","118,394,234.20","0.15","118,394,234.20","4,679,614.00","25.30","United States","NASDAQ","USD","1.00","USD","-"
"MYRG","MYR GROUP INC","Industrials","Equity","118,266,523.62","0.15","118,266,523.62","400,659.00","295.18","United States","NASDAQ","USD","1.00","USD","-"
"OGS","ONE GAS","Utilities","Equity","117,923,028.10","0.15","117,923,028.10","1,638,958.00","71.95","United States","NYSE","USD","1.00","USD","-"
"VCTR","VICTORY CAPITAL HOLDINGS CLASS A","Financials","Equity","117,709,037.60","0.15","117,709,037.60","1,109,416.00","106.10","United States","NASDAQ","USD","1.00","USD","-"
"KLIC","KULICKE AND SOFFA INDUSTRIES INC","Information Technology","Equity","117,591,139.08","0.15","117,591,139.08","1,329,164.00","88.47","United States","NASDAQ","USD","1.00","USD","-"
"LAUR","LAUREATE EDUCATION","Consumer Discretionary","Equity","117,496,636.12","0.15","117,496,636.12","3,083,092.00","38.11","United States","NASDAQ","USD","1.00","USD","-"
"BGC","BGC GROUP INC CLASS A","Financials","Equity","117,475,087.14","0.15","117,475,087.14","9,652,842.00","12.17","United States","NASDAQ","USD","1.00","USD","-"
"WHD","CACTUS CLASS A","Energy","Equity","117,202,672.40","0.15","117,202,672.40","1,797,587.00","65.20","United States","NYSE","USD","1.00","USD","-"
"DFTX","DEFINIUM THERAPEUTICS INC","Health Care","Equity","117,182,914.51","0.15","117,182,914.51","3,190,387.00","36.73","United States","NASDAQ","USD","1.00","USD","-"
"PSMT","PRICESMART","Consumer Staples","Equity","116,755,704.66","0.15","116,755,704.66","674,187.00","173.18","United States","NASDAQ","USD","1.00","USD","-"
"SR","SPIRE INC","Utilities","Equity","116,556,392.61","0.15","116,556,392.61","1,517,859.00","76.79","United States","NYSE","USD","1.00","USD","-"
"MRX","MAREX GROUP LTD","Financials","Equity","116,229,274.68","0.15","116,229,274.68","1,598,972.00","72.69","Bermuda","NASDAQ","USD","1.00","USD","-"
"RDN","RADIAN GROUP","Financials","Equity","116,179,943.88","0.15","116,179,943.88","3,463,922.00","33.54","United States","NYSE","USD","1.00","USD","-"
"UFPI","UFP INDUSTRIES","Industrials","Equity","116,138,592.93","0.15","116,138,592.93","1,473,653.00","78.81","United States","NASDAQ","USD","1.00","USD","-"
"OUT","OUTFRONT MEDIA","Real Estate","Equity","115,769,319.33","0.15","115,769,319.33","4,144,981.00","27.93","United States","NYSE","USD","1.00","USD","-"
"CNR","CORE NATURAL RESOURCES","Energy","Equity","115,443,652.52","0.15","115,443,652.52","1,300,627.00","88.76","United States","NYSE","USD","1.00","USD","-"
"EBC","EASTERN BANKSHARES INC","Financials","Equity","115,201,220.70","0.15","115,201,220.70","5,405,970.00","21.31","United States","NASDAQ","USD","1.00","USD","-"
"VSH","VISHAY INTERTECHNOLOGY INC","Information Technology","Equity","114,177,200.40","0.15","114,177,200.40","3,590,478.00","31.80","United States","NYSE","USD","1.00","USD","-"
"BOX","BOX INC CLASS A","Information Technology","Equity","113,795,100.16","0.15","113,795,100.16","3,520,888.00","32.32","United States","NYSE","USD","1.00","USD","-"
"RUSHA","RUSH ENTERPRISES CLASS A","Industrials","Equity","113,441,704.92","0.15","113,441,704.92","2,364,354.00","47.98","United States","NASDAQ","USD","1.00","USD","-"
"INSW","INTERNATIONAL SEAWAYS","Energy","Equity","113,200,883.10","0.15","113,200,883.10","1,079,646.00","104.85","United States","NYSE","USD","1.00","USD","-"
"BCO","BRINKS","Industrials","Equity","113,171,221.10","0.15","113,171,221.10","1,069,166.00","105.85","United States","NYSE","USD","1.00","USD","-"
"HRI","HERC HOLDINGS","Industrials","Equity","112,028,597.68","0.15","112,028,597.68","855,572.00","130.94","United States","NYSE","USD","1.00","USD","-"
"DIOD","DIODES","Information Technology","Equity","111,754,830.30","0.14","111,754,830.30","1,179,595.00","94.74","United States","NASDAQ","USD","1.00","USD","-"
"BDC","BELDEN","Information Technology","Equity","111,511,557.60","0.14","111,511,557.60","1,006,422.00","110.80","United States","NYSE","USD","1.00","USD","-"
"SFBS","SERVISFIRST BANCSHARES INC","Financials","Equity","111,268,533.75","0.14","111,268,533.75","2,697,419.00","41.25","United States","NYSE","USD","1.00","USD","-"
"BIPC","BROOKFIELD INFRASTRUCTURE CORP CLA","Utilities","Equity","111,225,031.89","0.14","111,225,031.89","3,221,113.00","34.53","Canada","NYSE","USD","1.00","USD","-"
"TDW","TIDEWATER","Energy","Equity","111,186,206.64","0.14","111,186,206.64","1,280,652.00","86.82","United States","NYSE","USD","1.00","USD","-"
"URBN","URBAN OUTFITTERS","Consumer Discretionary","Equity","110,856,564.08","0.14","110,856,564.08","1,482,436.00","74.78","United States","NASDAQ","USD","1.00","USD","-"
"ROAD","CONSTRUCTION PARTNERS CLASS A","Industrials","Equity","110,645,872.35","0.14","110,645,872.35","1,231,451.00","89.85","United States","NASDAQ","USD","1.00","USD","-"
"ACMR","ACM RESEARCH CLASS A","Information Technology","Equity","110,616,940.46","0.14","110,616,940.46","1,452,047.00","76.18","United States","NASDAQ","USD","1.00","USD","-"
"ITGR","INTEGER HOLDINGS CORP","Health Care","Equity","110,599,107.96","0.14","110,599,107.96","876,588.00","126.17","United States","NYSE","USD","1.00","USD","-"
"FULT","FULTON FINANCIAL","Financials","Equity","110,370,107.55","0.14","110,370,107.55","4,788,291.00","23.05","United States","NASDAQ","USD","1.00","USD","-"
"FFIN","FIRST FINANCIAL BANKSHARES INC","Financials","Equity","110,346,638.70","0.14","110,346,638.70","3,430,110.00","32.17","United States","NASDAQ","USD","1.00","USD","-"
"ORKA","ORUKA THERAPEUTICS INC","Health Care","Equity","110,062,818.15","0.14","110,062,818.15","1,287,435.00","85.49","United States","NASDAQ","USD","1.00","USD","-"
"INDV","INDIVIOR PHARMACEUTICALS INC","Health Care","Equity","110,031,228.00","0.14","110,031,228.00","3,056,423.00","36.00","United States","NASDAQ","USD","1.00","USD","-"
"IOVA","IOVANCE BIOTHERAPEUTICS INC","Health Care","Equity","109,669,788.00","0.14","109,669,788.00","10,154,610.00","10.80","United States","NASDAQ","USD","1.00","USD","-"
"NWE","NORTHWESTERN ENERGY GROUP","Utilities","Equity","109,598,485.95","0.14","109,598,485.95","1,610,085.00","68.07","United States","NASDAQ","USD","1.00","USD","-"
"DNTH","DIANTHUS THERAPEUTICS INC","Health Care","Equity","109,579,947.75","0.14","109,579,947.75","1,208,025.00","90.71","United States","NASDAQ","USD","1.00","USD","-"
"JOBY","JOBY AVIATION CLASS A","Industrials","Equity","108,982,446.30","0.14","108,982,446.30","17,298,801.00","6.30","United States","NYSE","USD","1.00","USD","-"
"PRM","PERIMETER SOLUTIONS","Materials","Equity","108,822,656.78","0.14","108,822,656.78","3,878,213.00","28.06","United States","NYSE","USD","1.00","USD","-"
"CVCO","CAVCO INDUSTRIES","Consumer Discretionary","Equity","108,751,728.42","0.14","108,751,728.42","200,202.00","543.21","United States","NASDAQ","USD","1.00","USD","-"
"MIRM","MIRUM PHARMACEUTICALS","Health Care","Equity","108,344,978.80","0.14","108,344,978.80","1,212,455.00","89.36","United States","NASDAQ","USD","1.00","USD","-"
"LIVN","LIVANOVA PLC","Health Care","Equity","107,982,401.92","0.14","107,982,401.92","1,431,368.00","75.44","United States","NASDAQ","USD","1.00","USD","-"
"CVSA","COVISTA","Consumer Discretionary","Equity","107,943,959.04","0.14","107,943,959.04","869,394.00","124.16","United States","NYSE","USD","1.00","USD","-"
"MTH","MERITAGE CORP","Consumer Discretionary","Equity","107,461,596.63","0.14","107,461,596.63","1,665,813.00","64.51","United States","NYSE","USD","1.00","USD","-"
"ENVA","ENOVA INTERNATIONAL","Financials","Equity","107,279,352.00","0.14","107,279,352.00","624,080.00","171.90","United States","NYSE","USD","1.00","USD","-"
"TCBI","TEXAS CAPITAL BANCSHARES","Financials","Equity","107,253,179.38","0.14","107,253,179.38","1,133,455.00","94.63","United States","NASDAQ","USD","1.00","USD","-"
"PTEN","PATTERSON UTI ENERGY INC","Energy","Equity","107,069,272.44","0.14","107,069,272.44","9,576,858.00","11.18","United States","NASDAQ","USD","1.00","USD","-"
"AZZ","AZZ INC","Industrials","Equity","105,798,786.62","0.14","105,798,786.62","766,769.00","137.98","United States","NYSE","USD","1.00","USD","-"
"FSLY","FASTLY CLASS A","Information Technology","Equity","104,938,923.24","0.14","104,938,923.24","3,933,243.00","26.68","United States","NASDAQ","USD","1.00","USD","-"
"FBP","FIRST BANCORP","Financials","Equity","104,841,968.46","0.14","104,841,968.46","3,913,474.00","26.79","United States","NYSE","USD","1.00","USD","-"
"CHEF","CHEFS WAREHOUSE INC","Consumer Staples","Equity","104,814,741.08","0.14","104,814,741.08","949,753.00","110.36","United States","NASDAQ","USD","1.00","USD","-"
"GEO","GEO GROUP","Industrials","Equity","104,621,347.64","0.14","104,621,347.64","3,273,509.00","31.96","United States","NYSE","USD","1.00","USD","-"
"HNGE","HINGE HEALTH CLASS A","Health Care","Equity","104,538,857.22","0.14","104,538,857.22","1,136,539.00","91.98","United States","NYSE","USD","1.00","USD","-"
"ICUI","ICU MEDICAL","Health Care","Equity","104,535,323.10","0.14","104,535,323.10","629,655.00","166.02","United States","NASDAQ","USD","1.00","USD","-"
"DK","DELEK US HOLDINGS INC","Energy","Equity","104,511,680.34","0.14","104,511,680.34","1,561,974.00","66.91","United States","NYSE","USD","1.00","USD","-"
"CBT","CABOT CORP","Materials","Equity","104,355,808.70","0.14","104,355,808.70","1,326,838.00","78.65","United States","NYSE","USD","1.00","USD","-"
"ONDS","ONDAS INC","Information Technology","Equity","104,267,166.40","0.14","104,267,166.40","13,719,364.00","7.60","United States","NASDAQ","USD","1.00","USD","-"
"CON","CONCENTRA GROUP HOLDINGS PARENT IN","Health Care","Equity","104,243,278.02","0.14","104,243,278.02","3,011,071.00","34.62","United States","NYSE","USD","1.00","USD","-"
"CRC","CALIFORNIA RESOURCES","Energy","Equity","103,282,276.44","0.13","103,282,276.44","1,969,908.00","52.43","United States","NYSE","USD","1.00","USD","-"
"ITRI","ITRON","Information Technology","Equity","102,988,828.80","0.13","102,988,828.80","1,125,315.00","91.52","United States","NASDAQ","USD","1.00","USD","-"
"WSFS","WSFS FINANCIAL","Financials","Equity","102,685,571.13","0.13","102,685,571.13","1,328,919.00","77.27","United States","NASDAQ","USD","1.00","USD","-"
"CDP","COPT DEFENSE PROPERTIES","Real Estate","Equity","101,659,028.94","0.13","101,659,028.94","3,006,774.00","33.81","United States","NYSE","USD","1.00","USD","-"
"SKYW","SKYWEST","Industrials","Equity","101,581,912.02","0.13","101,581,912.02","1,008,858.00","100.69","United States","NASDAQ","USD","1.00","USD","-"
"TENB","TENABLE HOLDINGS","Information Technology","Equity","101,387,335.92","0.13","101,387,335.92","2,825,734.00","35.88","United States","NASDAQ","USD","1.00","USD","-"
"CNK","CINEMARK HOLDINGS INC","Communication","Equity","100,822,937.64","0.13","100,822,937.64","2,726,418.00","36.98","United States","NYSE","USD","1.00","USD","-"
"SEI","SOLARIS ENERGY INFRASTRUCTURE INC","Energy","Equity","100,517,441.50","0.13","100,517,441.50","1,433,915.00","70.10","United States","NYSE","USD","1.00","USD","-"
"SIG","SIGNET JEWELERS","Consumer Discretionary","Equity","100,279,503.00","0.13","100,279,503.00","997,806.00","100.50","United States","NYSE","USD","1.00","USD","-"
"VCYT","VERACYTE","Health Care","Equity","100,238,497.80","0.13","100,238,497.80","2,065,070.00","48.54","United States","NASDAQ","USD","1.00","USD","-"
"SKT","TANGER","Real Estate","Equity","100,165,535.55","0.13","100,165,535.55","2,861,055.00","35.01","United States","NYSE","USD","1.00","USD","-"
"HP","HELMERICH & PAYNE","Energy","Equity","100,122,253.22","0.13","100,122,253.22","2,514,371.00","39.82","United States","NYSE","USD","1.00","USD","-"
"CRGY","CRESCENT ENERGY CLASS A","Energy","Equity","100,060,083.64","0.13","100,060,083.64","7,456,042.00","13.42","United States","NYSE","USD","1.00","USD","-"
"BOOT","BOOT BARN HOLDINGS","Consumer Discretionary","Equity","99,891,792.00","0.13","99,891,792.00","792,792.00","126.00","United States","NYSE","USD","1.00","USD","-"
"CATY","CATHAY GENERAL BANCORP","Financials","Equity","99,579,547.40","0.13","99,579,547.40","1,628,980.00","61.13","United States","NASDAQ","USD","1.00","USD","-"
"IBOC","INTERNATIONAL BANCSHARES CORP","Financials","Equity","99,213,683.22","0.13","99,213,683.22","1,429,798.00","69.39","United States","NASDAQ","USD","1.00","USD","-"
"BMI","BADGER METER","Information Technology","Equity","98,975,993.60","0.13","98,975,993.60","757,856.00","130.60","United States","NYSE","USD","1.00","USD","-"
"UCB","UNITED COMMUNITY BANKS INC","Financials","Equity","98,813,798.16","0.13","98,813,798.16","2,916,582.00","33.88","United States","NYSE","USD","1.00","USD","-"
"SPHR","SPHERE ENTERTAINMENT CLASS A","Communication","Equity","98,306,105.56","0.13","98,306,105.56","710,099.00","138.44","United States","NYSE","USD","1.00","USD","-"
"CECO","CECO ENVIRONMENTAL","Industrials","Equity","98,186,573.16","0.13","98,186,573.16","1,347,606.00","72.86","United States","NASDAQ","USD","1.00","USD","-"
"ACHR","ARCHER AVIATION CLASS A","Industrials","Equity","98,051,406.25","0.13","98,051,406.25","17,171,875.00","5.71","United States","NYSE","USD","1.00","USD","-"
"PARR","PAR PACIFIC HOLDINGS","Energy","Equity","97,881,135.84","0.13","97,881,135.84","1,274,992.00","76.77","United States","NYSE","USD","1.00","USD","-"
"TPC","TUTOR PERINI","Industrials","Equity","97,857,340.32","0.13","97,857,340.32","1,174,476.00","83.32","United States","NYSE","USD","1.00","USD","-"
"FLG","FLAGSTAR BANK NATIONAL ASSOCIATION","Financials","Equity","97,742,777.16","0.13","97,742,777.16","7,888,844.00","12.39","United States","NYSE","USD","1.00","USD","-"
"UNF","UNIFIRST","Industrials","Equity","97,564,167.46","0.13","97,564,167.46","378,361.00","257.86","United States","NYSE","USD","1.00","USD","-"
"AVNT","AVIENT CORP","Materials","Equity","97,225,596.22","0.13","97,225,596.22","2,384,149.00","40.78","United States","NYSE","USD","1.00","USD","-"
"MIR","MIRION TECHNOLOGIES CLASS A","Information Technology","Equity","97,112,240.10","0.13","97,112,240.10","6,185,493.00","15.70","United States","NYSE","USD","1.00","USD","-"
"ATMU","ATMUS FILTRATION TECHNOLOGIES","Industrials","Equity","96,765,077.43","0.13","96,765,077.43","2,160,417.00","44.79","United States","NYSE","USD","1.00","USD","-"
"SYNA","SYNAPTICS","Information Technology","Equity","96,596,442.62","0.13","96,596,442.62","997,691.00","96.82","United States","NASDAQ","USD","1.00","USD","-"
"KFY","KORN FERRY","Industrials","Equity","96,282,360.00","0.12","96,282,360.00","1,337,255.00","72.00","United States","NYSE","USD","1.00","USD","-"
"INDB","INDEPENDENT BANK CORP","Financials","Equity","95,659,961.52","0.12","95,659,961.52","1,192,173.00","80.24","United States","NASDAQ","USD","1.00","USD","-"
"HTFL","HEARTFLOW INC","Health Care","Equity","95,419,827.00","0.12","95,419,827.00","1,960,950.00","48.66","United States","NASDAQ","USD","1.00","USD","-"
"CLMT","CALUMET","Energy","Equity","95,399,313.75","0.12","95,399,313.75","1,771,575.00","53.85","United States","NASDAQ","USD","1.00","USD","-"
"XENE","XENON PHARMACEUTICALS","Health Care","Equity","95,299,651.92","0.12","95,299,651.92","2,503,932.00","38.06","United States","NASDAQ","USD","1.00","USD","-"
"WK","WORKIVA CLASS A","Information Technology","Equity","95,105,283.68","0.12","95,105,283.68","1,330,516.00","71.48","United States","NYSE","USD","1.00","USD","-"
"BNL","BROADSTONE NET LEASE","Real Estate","Equity","94,961,084.40","0.12","94,961,084.40","5,024,396.00","18.90","United States","NYSE","USD","1.00","USD","-"
"SLG","SL GREEN REALTY REIT CORP","Real Estate","Equity","94,939,078.08","0.12","94,939,078.08","1,865,941.00","50.88","United States","NYSE","USD","1.00","USD","-"
"FELE","FRANKLIN ELECTRIC","Industrials","Equity","94,697,511.84","0.12","94,697,511.84","977,876.00","96.84","United States","NASDAQ","USD","1.00","USD","-"
"CVBF","CVB FINANCIAL CORP","Financials","Equity","94,679,087.70","0.12","94,679,087.70","4,245,699.00","22.30","United States","NASDAQ","USD","1.00","USD","-"
"GFF","GRIFFON","Industrials","Equity","94,455,991.02","0.12","94,455,991.02","978,413.00","96.54","United States","NYSE","USD","1.00","USD","-"
"PJT","PJT PARTNERS CLASS A","Financials","Equity","94,302,830.16","0.12","94,302,830.16","632,226.00","149.16","United States","NYSE","USD","1.00","USD","-"
"TTAN","SERVICETITAN CLASS A","Information Technology","Equity","93,966,947.24","0.12","93,966,947.24","1,566,638.00","59.98","United States","NASDAQ","USD","1.00","USD","-"
"YOU","CLEAR SECURE CLASS A","Information Technology","Equity","93,941,377.05","0.12","93,941,377.05","2,436,871.00","38.55","United States","NYSE","USD","1.00","USD","-"
"TDS","TELEPHONE AND DATA SYSTEMS","Communication","Equity","93,777,938.73","0.12","93,777,938.73","2,581,281.00","36.33","United States","NYSE","USD","1.00","USD","-"
"OPCH","OPTION CARE HEALTH INC","Health Care","Equity","93,542,873.86","0.12","93,542,873.86","4,077,719.00","22.94","United States","NASDAQ","USD","1.00","USD","-"
"STNG","SCORPIO TANKERS","Energy","Equity","93,510,904.96","0.12","93,510,904.96","1,155,026.00","80.96","United States","NYSE","USD","1.00","USD","-"
"IRTC","IRHYTHM HOLDINGS INC","Health Care","Equity","93,471,212.40","0.12","93,471,212.40","843,603.00","110.80","United States","NASDAQ","USD","1.00","USD","-"
"ACLS","AXCELIS TECHNOLOGIES","Information Technology","Equity","93,456,812.74","0.12","93,456,812.74","804,691.00","116.14","United States","NASDAQ","USD","1.00","USD","-"
"APLE","APPLE HOSPITALITY REIT INC","Real Estate","Equity","92,975,159.70","0.12","92,975,159.70","5,771,270.00","16.11","United States","NYSE","USD","1.00","USD","-"
"CLSK","CLEANSPARK","Information Technology","Equity","92,607,049.58","0.12","92,607,049.58","6,494,183.00","14.26","United States","NASDAQ","USD","1.00","USD","-"
"WSBC","WESBANCO","Financials","Equity","92,458,229.46","0.12","92,458,229.46","2,406,513.00","38.42","United States","NASDAQ","USD","1.00","USD","-"
"LXP","LXP INDUSTRIAL TRUST","Real Estate","Equity","92,453,354.10","0.12","92,453,354.10","1,517,370.00","60.93","United States","NYSE","USD","1.00","USD","-"
"GHC","GRAHAM HOLDINGS COMPANY CLASS B","Consumer Discretionary","Equity","92,211,555.96","0.12","92,211,555.96","80,532.00","1,145.03","United States","NYSE","USD","1.00","USD","-"
"RNST","RENASANT CORP","Financials","Equity","92,157,613.20","0.12","92,157,613.20","2,301,064.00","40.05","United States","NYSE","USD","1.00","USD","-"
"QTWO","Q2 HOLDINGS INC","Information Technology","Equity","91,982,508.95","0.12","91,982,508.95","1,629,451.00","56.45","United States","NYSE","USD","1.00","USD","-"
"OPLN","OPENLANE","Industrials","Equity","91,601,709.00","0.12","91,601,709.00","2,655,122.00","34.50","United States","NYSE","USD","1.00","USD","-"
"KTB","KONTOOR BRANDS","Consumer Discretionary","Equity","91,358,886.36","0.12","91,358,886.36","1,418,396.00","64.41","United States","NYSE","USD","1.00","USD","-"
"MHO","M I HOMES INC","Consumer Discretionary","Equity","90,224,258.88","0.12","90,224,258.88","654,938.00","137.76","United States","NYSE","USD","1.00","USD","-"
"IRT","INDEPENDENCE REALTY","Real Estate","Equity","89,958,006.90","0.12","89,958,006.90","6,157,290.00","14.61","United States","NYSE","USD","1.00","USD","-"
"MGNI","MAGNITE","Communication","Equity","89,009,632.43","0.12","89,009,632.43","3,697,949.00","24.07","United States","NASDAQ","USD","1.00","USD","-"
"OTTR","OTTER TAIL","Utilities","Equity","88,748,166.06","0.12","88,748,166.06","1,005,531.00","88.26","United States","NASDAQ","USD","1.00","USD","-"
"TNGX","TANGO THERAPEUTICS","Health Care","Equity","88,693,270.38","0.11","88,693,270.38","3,601,026.00","24.63","United States","NASDAQ","USD","1.00","USD","-"
"GNW","GENWORTH FINANCIAL INC","Financials","Equity","88,473,527.10","0.11","88,473,527.10","9,362,278.00","9.45","United States","NYSE","USD","1.00","USD","-"
"UCTT","ULTRA CLEAN HOLDINGS INC","Information Technology","Equity","87,978,870.00","0.11","87,978,870.00","1,149,750.00","76.52","United States","NASDAQ","USD","1.00","USD","-"
"STEP","STEPSTONE GROUP CLASS A","Financials","Equity","87,824,323.60","0.11","87,824,323.60","2,016,632.00","43.55","United States","NASDAQ","USD","1.00","USD","-"
"KNSA","KINIKSA PHARMACEUTICALS INTERNATIO","Health Care","Equity","87,748,799.36","0.11","87,748,799.36","1,164,704.00","75.34","United States","NASDAQ","USD","1.00","USD","-"
"DAVE","DAVE CLASS A","Financials","Equity","87,193,546.66","0.11","87,193,546.66","263,063.00","331.45","United States","NASDAQ","USD","1.00","USD","-"
"SXI","STANDEX INTERNATIONAL CORP","Industrials","Equity","86,952,804.00","0.11","86,952,804.00","310,990.00","279.60","United States","NYSE","USD","1.00","USD","-"
"NATL","NCR ATLEOS","Financials","Equity","86,762,350.08","0.11","86,762,350.08","1,889,424.00","45.92","United States","NYSE","USD","1.00","USD","-"
"LRN","STRIDE INC","Consumer Discretionary","Equity","86,676,756.72","0.11","86,676,756.72","1,082,918.00","80.04","United States","NYSE","USD","1.00","USD","-"
"CXW","CORECIVIC REIT","Industrials","Equity","86,580,396.72","0.11","86,580,396.72","2,519,802.00","34.36","United States","NYSE","USD","1.00","USD","-"
"HIW","HIGHWOODS PROPERTIES REIT","Real Estate","Equity","86,448,156.45","0.11","86,448,156.45","2,880,645.00","30.01","United States","NYSE","USD","1.00","USD","-"
"HNI","HNI","Industrials","Equity","86,409,721.44","0.11","86,409,721.44","1,851,108.00","46.68","United States","NYSE","USD","1.00","USD","-"
"MWA","MUELLER WATER PRODUCTS SERIES A","Industrials","Equity","85,806,615.54","0.11","85,806,615.54","3,996,582.00","21.47","United States","NYSE","USD","1.00","USD","-"
"RELY","REMITLY GLOBAL","Financials","Equity","85,616,216.60","0.11","85,616,216.60","4,046,135.00","21.16","United States","NASDAQ","USD","1.00","USD","-"
"USAR","USA RARE EARTH CLASS A","Materials","Equity","85,592,606.82","0.11","85,592,606.82","5,565,189.00","15.38","United States","NASDAQ","USD","1.00","USD","-"
"PLMR","PALOMAR HOLDINGS","Financials","Equity","85,418,600.86","0.11","85,418,600.86","679,922.00","125.63","United States","NASDAQ","USD","1.00","USD","-"
"RXO","RXO INC","Industrials","Equity","85,294,979.04","0.11","85,294,979.04","4,279,728.00","19.93","United States","NYSE","USD","1.00","USD","-"
"IBRX","IMMUNITYBIO","Health Care","Equity","85,173,612.48","0.11","85,173,612.48","9,858,057.00","8.64","United States","NASDAQ","USD","1.00","USD","-"
"ABG","ASBURY AUTOMOTIVE GROUP INC","Consumer Discretionary","Equity","84,922,143.18","0.11","84,922,143.18","471,947.00","179.94","United States","NYSE","USD","1.00","USD","-"
"MC","MOELIS CLASS A","Financials","Equity","84,756,542.34","0.11","84,756,542.34","1,470,957.00","57.62","United States","NYSE","USD","1.00","USD","-"
"IDYA","IDEAYA BIOSCIENCES","Health Care","Equity","84,741,030.44","0.11","84,741,030.44","2,306,506.00","36.74","United States","NASDAQ","USD","1.00","USD","-"
"DORM","DORMAN PRODUCTS","Consumer Discretionary","Equity","84,684,724.00","0.11","84,684,724.00","690,740.00","122.60","United States","NASDAQ","USD","1.00","USD","-"
"WT","WISDOMTREE","Financials","Equity","84,144,996.97","0.11","84,144,996.97","3,507,503.00","23.99","United States","NYSE","USD","1.00","USD","-"
"KAI","KADANT INC","Industrials","Equity","84,095,460.16","0.11","84,095,460.16","306,448.00","274.42","United States","NYSE","USD","1.00","USD","-"
"SFNC","SIMMONS FIRST NATIONAL CLASS A","Financials","Equity","84,039,679.52","0.11","84,039,679.52","3,644,392.00","23.06","United States","NASDAQ","USD","1.00","USD","-"
"VGNT","VERSIGENT PLC","Consumer Discretionary","Equity","84,046,298.98","0.11","84,046,298.98","1,858,609.00","45.22","United States","NYSE","USD","1.00","USD","-"
"AWR","AMERICAN STATES WATER","Utilities","Equity","83,904,562.50","0.11","83,904,562.50","1,017,025.00","82.50","United States","NYSE","USD","1.00","USD","-"
"NHI","NATIONAL HEALTH INVESTORS REIT","Real Estate","Equity","83,681,762.96","0.11","83,681,762.96","1,246,006.00","67.16","United States","NYSE","USD","1.00","USD","-"
"LMND","LEMONADE INC","Financials","Equity","83,359,031.04","0.11","83,359,031.04","1,840,968.00","45.28","United States","NYSE","USD","1.00","USD","-"
"FFBC","FIRST FINANCIAL BANCORP","Financials","Equity","83,339,325.00","0.11","83,339,325.00","2,641,500.00","31.55","United States","NASDAQ","USD","1.00","USD","-"
"TOWN","TOWNEBANK","Financials","Equity","83,260,413.60","0.11","83,260,413.60","2,287,374.00","36.40","United States","NASDAQ","USD","1.00","USD","-"
"NMIH","NMI HOLDINGS","Financials","Equity","82,993,632.03","0.11","82,993,632.03","1,996,479.00","41.57","United States","NASDAQ","USD","1.00","USD","-"
"NIC","NICOLET BANKSHARES INC","Financials","Equity","82,995,168.06","0.11","82,995,168.06","495,257.00","167.58","United States","NYSE","USD","1.00","USD","-"
"SHOO","STEVEN MADDEN","Consumer Discretionary","Equity","82,911,965.72","0.11","82,911,965.72","1,874,564.00","44.23","United States","NASDAQ","USD","1.00","USD","-"
"ATKR","ATKORE","Industrials","Equity","82,702,079.36","0.11","82,702,079.36","874,784.00","94.54","United States","NYSE","USD","1.00","USD","-"
"FIBK","FIRST INTERSTATE BANCSYSTEM","Financials","Equity","82,581,895.98","0.11","82,581,895.98","2,261,898.00","36.51","United States","NASDAQ","USD","1.00","USD","-"
"RLAY","RELAY THERAPEUTICS","Health Care","Equity","82,569,035.52","0.11","82,569,035.52","4,657,024.00","17.73","United States","NASDAQ","USD","1.00","USD","-"
"OSIS","OSI SYSTEMS","Information Technology","Equity","82,336,933.80","0.11","82,336,933.80","409,026.00","201.30","United States","NASDAQ","USD","1.00","USD","-"
"ASH","ASHLAND","Materials","Equity","81,908,859.70","0.11","81,908,859.70","1,185,367.00","69.10","United States","NYSE","USD","1.00","USD","-"
"ERAS","ERASCA","Health Care","Equity","81,774,854.04","0.11","81,774,854.04","5,631,877.00","14.52","United States","NASDAQ","USD","1.00","USD","-"
"DHT","DHT HOLDINGS","Energy","Equity","81,658,457.12","0.11","81,658,457.12","3,766,534.00","21.68","Bermuda","NYSE","USD","1.00","USD","-"
"BTU","PEABODY ENERGY CORP","Energy","Equity","81,475,706.40","0.11","81,475,706.40","3,172,730.00","25.68","United States","NYSE","USD","1.00","USD","-"
"TARS","TARSUS PHARMACEUTICALS","Health Care","Equity","81,253,956.24","0.11","81,253,956.24","1,069,694.00","75.96","United States","NASDAQ","USD","1.00","USD","-"
"MSGE","MADISON SQUARE GARDEN ENTERTAINMEN","Communication","Equity","81,103,059.40","0.11","81,103,059.40","1,023,770.00","79.22","United States","NYSE","USD","1.00","USD","-"
"EXPO","EXPONENT","Industrials","Equity","80,824,589.12","0.10","80,824,589.12","1,253,872.00","64.46","United States","NASDAQ","USD","1.00","USD","-"
"KN","KNOWLES","Information Technology","Equity","80,788,848.88","0.10","80,788,848.88","2,197,738.00","36.76","United States","NYSE","USD","1.00","USD","-"
"CBU","COMMUNITY FINANCIAL SYSTEM INC","Financials","Equity","80,633,078.88","0.10","80,633,078.88","1,327,512.00","60.74","United States","NYSE","USD","1.00","USD","-"
"CDNA","CAREDX","Health Care","Equity","80,508,541.35","0.10","80,508,541.35","1,311,855.00","61.37","United States","NASDAQ","USD","1.00","USD","-"
"SBCF","SEACOAST BANKING OF FLORIDA","Financials","Equity","80,231,049.96","0.10","80,231,049.96","2,444,578.00","32.82","United States","NASDAQ","USD","1.00","USD","-"
"CSTM","CONSTELLIUM SE CLASS A","Materials","Equity","80,209,245.21","0.10","80,209,245.21","3,256,567.00","24.63","United States","NYSE","USD","1.00","USD","-"
"AMLX","AMYLYX PHARMACEUTICALS","Health Care","Equity","79,732,114.88","0.10","79,732,114.88","2,645,392.00","30.14","United States","NASDAQ","USD","1.00","USD","-"
"AEHR","AEHR TEST SYSTEMS","Information Technology","Equity","79,136,701.50","0.10","79,136,701.50","812,325.00","97.42","United States","NASDAQ","USD","1.00","USD","-"
"CPK","CHESAPEAKE UTILITIES","Utilities","Equity","78,974,555.88","0.10","78,974,555.88","615,738.00","128.26","United States","NYSE","USD","1.00","USD","-"
"KNF","KNIFE RIVER CORP","Materials","Equity","78,908,559.03","0.10","78,908,559.03","1,478,519.00","53.37","United States","NYSE","USD","1.00","USD","-"
"BWIN","BALDWIN INSURANCE GROUP CLASS A","Financials","Equity","78,892,037.60","0.10","78,892,037.60","2,477,765.00","31.84","United States","NASDAQ","USD","1.00","USD","-"
"LGN","LEGENCE CLASS A","Industrials","Equity","78,591,184.90","0.10","78,591,184.90","1,498,402.00","52.45","United States","NASDAQ","USD","1.00","USD","-"
"AMRX","AMNEAL PHARMACEUTICALS INC CLASS A","Health Care","Equity","78,570,316.78","0.10","78,570,316.78","3,967,196.00","19.81","United States","NASDAQ","USD","1.00","USD","-"
"PRK","PARK NATIONAL CORP","Financials","Equity","78,314,659.50","0.10","78,314,659.50","434,478.00","180.25","United States","Nyse Mkt Llc","USD","1.00","USD","-"
"BELFB","BEL FUSE CLASS B","Information Technology","Equity","78,120,334.56","0.10","78,120,334.56","311,286.00","250.96","United States","NASDAQ","USD","1.00","USD","-"
"CLBK","COLUMBIA FINANCIAL INC","Financials","Equity","78,075,162.26","0.10","78,075,162.26","6,933,851.00","11.26","United States","NASDAQ","USD","1.00","USD","-"
"CELC","CELCUITY","Health Care","Equity","78,006,740.88","0.10","78,006,740.88","982,824.00","79.37","United States","NASDAQ","USD","1.00","USD","-"
"SPSC","SPS COMMERCE","Information Technology","Equity","77,503,517.82","0.10","77,503,517.82","937,278.00","82.69","United States","NASDAQ","USD","1.00","USD","-"
"ATRC","ATRICURE","Health Care","Equity","77,428,029.32","0.10","77,428,029.32","1,274,116.00","60.77","United States","NASDAQ","USD","1.00","USD","-"
"NEOG","NEOGEN","Health Care","Equity","77,344,067.44","0.10","77,344,067.44","5,662,084.00","13.66","United States","NASDAQ","USD","1.00","USD","-"
"ASO","ACADEMY SPORTS AND OUTDOORS","Consumer Discretionary","Equity","77,288,116.60","0.10","77,288,116.60","1,605,820.00","48.13","United States","NASDAQ","USD","1.00","USD","-"
"CURB","CURBLINE PROPERTIES","Real Estate","Equity","77,271,963.48","0.10","77,271,963.48","2,717,017.00","28.44","United States","NYSE","USD","1.00","USD","-"
"CALM","CAL MAINE FOODS","Consumer Staples","Equity","77,137,515.52","0.10","77,137,515.52","1,126,424.00","68.48","United States","NASDAQ","USD","1.00","USD","-"
"DNLI","DENALI THERAPEUTICS","Health Care","Equity","77,021,998.19","0.10","77,021,998.19","3,762,677.00","20.47","United States","NASDAQ","USD","1.00","USD","-"
"DAN","DANA INCORPORATED INC","Consumer Discretionary","Equity","76,865,178.45","0.10","76,865,178.45","2,810,427.00","27.35","United States","NYSE","USD","1.00","USD","-"
"ARQT","ARCUTIS BIOTHERAPEUTICS","Health Care","Equity","76,703,198.54","0.10","76,703,198.54","2,919,802.00","26.27","United States","NASDAQ","USD","1.00","USD","-"
"BKU","BANKUNITED","Financials","Equity","76,551,935.64","0.10","76,551,935.64","1,764,276.00","43.39","United States","NYSE","USD","1.00","USD","-"
"COHU","COHU","Information Technology","Equity","76,459,492.20","0.10","76,459,492.20","1,200,306.00","63.70","United States","NASDAQ","USD","1.00","USD","-"
"AMBA","AMBARELLA","Information Technology","Equity","76,159,485.78","0.10","76,159,485.78","1,090,173.00","69.86","United States","NASDAQ","USD","1.00","USD","-"
"BHE","BENCHMARK ELECTRONICS INC","Information Technology","Equity","76,044,447.70","0.10","76,044,447.70","925,678.00","82.15","United States","NYSE","USD","1.00","USD","-"
"AVA","AVISTA","Utilities","Equity","75,835,406.75","0.10","75,835,406.75","2,163,635.00","35.05","United States","NYSE","USD","1.00","USD","-"
"LBRT","LIBERTY ENERGY CLASS A","Energy","Equity","75,453,262.08","0.10","75,453,262.08","4,136,692.00","18.24","United States","NYSE","USD","1.00","USD","-"
"SDRL","SEADRILL","Energy","Equity","75,359,046.56","0.10","75,359,046.56","1,621,322.00","46.48","United States","NYSE","USD","1.00","USD","-"
"EWTX","EDGEWISE THERAPEUTICS","Health Care","Equity","75,338,235.00","0.10","75,338,235.00","1,830,375.00","41.16","United States","NASDAQ","USD","1.00","USD","-"
"UUUU","ENERGY FUELS","Energy","Equity","75,341,493.88","0.10","75,341,493.88","6,655,609.00","11.32","Canada","Nyse Mkt Llc","USD","1.00","USD","-"
"ABM","ABM INDUSTRIES INC","Industrials","Equity","75,342,314.52","0.10","75,342,314.52","1,520,838.00","49.54","United States","NYSE","USD","1.00","USD","-"
"LFST","LIFESTANCE HEALTH GROUP","Health Care","Equity","75,272,801.80","0.10","75,272,801.80","6,379,051.00","11.80","United States","NASDAQ","USD","1.00","USD","-"
"SMR","NUSCALE POWER CORP CLASS A","Industrials","Equity","75,189,934.82","0.10","75,189,934.82","8,877,206.00","8.47","United States","NYSE","USD","1.00","USD","-"
"CWK","CUSHMAN AND WAKEFIELD LTD","Real Estate","Equity","75,129,383.84","0.10","75,129,383.84","6,118,028.00","12.28","United States","NYSE","USD","1.00","USD","-"
"IMVT","IMMUNOVANT","Health Care","Equity","75,015,492.00","0.10","75,015,492.00","2,206,338.00","34.00","United States","NASDAQ","USD","1.00","USD","-"
"GPI","GROUP AUTOMOTIVE INC","Consumer Discretionary","Equity","74,702,738.04","0.10","74,702,738.04","301,476.00","247.79","United States","NYSE","USD","1.00","USD","-"
"DNOW","DNOW","Industrials","Equity","74,681,126.34","0.10","74,681,126.34","4,693,974.00","15.91","United States","NYSE","USD","1.00","USD","-"
"PII","POLARIS INC","Consumer Discretionary","Equity","74,386,252.26","0.10","74,386,252.26","1,420,127.00","52.38","United States","NYSE","USD","1.00","USD","-"
"DX","DYNEX CAPITAL REIT","Financials","Equity","74,347,546.14","0.10","74,347,546.14","6,556,221.00","11.34","United States","NYSE","USD","1.00","USD","-"
"KNTK","KINETIK HOLDINGS CLASS A","Energy","Equity","74,310,474.40","0.10","74,310,474.40","1,414,360.00","52.54","United States","NYSE","USD","1.00","USD","-"
"DBRG","DIGITALBRIDGE GROUP INC CLASS A","Financials","Equity","74,300,560.06","0.10","74,300,560.06","4,649,597.00","15.98","United States","NYSE","USD","1.00","USD","-"
"COCO","THE VITA COCO COMPANY","Consumer Staples","Equity","74,140,542.53","0.10","74,140,542.53","1,253,009.00","59.17","United States","NASDAQ","USD","1.00","USD","-"
"PK","PARK HOTELS RESORTS INC","Real Estate","Equity","74,004,300.63","0.10","74,004,300.63","4,865,503.00","15.21","United States","NYSE","USD","1.00","USD","-"
"NHC","NATIONAL HEALTHCARE CORP","Health Care","Equity","73,961,216.00","0.10","73,961,216.00","333,760.00","221.60","United States","Nyse Mkt Llc","USD","1.00","USD","-"
"KBH","KB HOME","Consumer Discretionary","Equity","73,907,008.35","0.10","73,907,008.35","1,551,039.00","47.65","United States","NYSE","USD","1.00","USD","-"
"DGII","DIGI INTERNATIONAL","Information Technology","Equity","73,859,595.00","0.10","73,859,595.00","962,340.00","76.75","United States","NASDAQ","USD","1.00","USD","-"
"TMDX","TRANSMEDICS GROUP","Health Care","Equity","73,271,296.30","0.09","73,271,296.30","873,317.00","83.90","United States","NASDAQ","USD","1.00","USD","-"
"NTCT","NETSCOUT SYSTEMS","Information Technology","Equity","73,186,963.00","0.09","73,186,963.00","1,864,636.00","39.25","United States","NASDAQ","USD","1.00","USD","-"
"ARCB","ARCBEST","Industrials","Equity","73,048,342.05","0.09","73,048,342.05","573,603.00","127.35","United States","NASDAQ","USD","1.00","USD","-"
"FRSH","FRESHWORKS CLASS A","Information Technology","Equity","73,015,411.56","0.09","73,015,411.56","5,699,876.00","12.81","United States","NASDAQ","USD","1.00","USD","-"
"CWT","CALIFORNIA WATER SERVICE GROUP","Utilities","Equity","72,947,536.00","0.09","72,947,536.00","1,585,816.00","46.00","United States","NYSE","USD","1.00","USD","-"
"ACAD","ACADIA PHARMACEUTICALS","Health Care","Equity","72,870,748.68","0.09","72,870,748.68","3,285,426.00","22.18","United States","NASDAQ","USD","1.00","USD","-"
"POWI","POWER INTEGRATIONS","Information Technology","Equity","72,847,769.28","0.09","72,847,769.28","1,434,576.00","50.78","United States","NASDAQ","USD","1.00","USD","-"
"AAMI","ACADIAN ASSET MANAGEMENT","Financials","Equity","72,700,666.04","0.09","72,700,666.04","779,047.00","93.32","United States","NYSE","USD","1.00","USD","-"
"NVTS","NAVITAS SEMICONDUCTOR","Information Technology","Equity","72,683,699.84","0.09","72,683,699.84","6,138,826.00","11.84","United States","NASDAQ","USD","1.00","USD","-"
"VAC","MARRIOTT VACATIONS WORLDWIDE","Consumer Discretionary","Equity","72,613,043.75","0.09","72,613,043.75","720,725.00","100.75","United States","NYSE","USD","1.00","USD","-"
"PFS","PROVIDENT FINANCIAL SERVICES INC","Financials","Equity","72,512,330.01","0.09","72,512,330.01","3,198,603.00","22.67","United States","NYSE","USD","1.00","USD","-"
"TDC","TERADATA","Information Technology","Equity","72,489,747.36","0.09","72,489,747.36","2,460,616.00","29.46","United States","NYSE","USD","1.00","USD","-"
"UNFI","UNITED NATURAL FOODS INC","Consumer Staples","Equity","71,992,338.60","0.09","71,992,338.60","1,559,964.00","46.15","United States","NYSE","USD","1.00","USD","-"
"MMS","MAXIMUS","Industrials","Equity","71,804,988.90","0.09","71,804,988.90","1,364,595.00","52.62","United States","NYSE","USD","1.00","USD","-"
"EXTR","EXTREME NETWORKS","Information Technology","Equity","71,793,989.28","0.09","71,793,989.28","3,317,652.00","21.64","United States","NASDAQ","USD","1.00","USD","-"
"FIVN","FIVE9","Information Technology","Equity","71,743,656.66","0.09","71,743,656.66","1,957,001.00","36.66","United States","NASDAQ","USD","1.00","USD","-"
"ADEA","ADEIA","Information Technology","Equity","71,587,548.57","0.09","71,587,548.57","2,862,357.00","25.01","United States","NASDAQ","USD","1.00","USD","-"
"MIAX","MIAMI INTERNATIONAL HOLDINGS","Financials","Equity","71,292,937.32","0.09","71,292,937.32","2,000,363.00","35.64","United States","NYSE","USD","1.00","USD","-"
"MCY","MERCURY GENERAL","Financials","Equity","71,035,362.48","0.09","71,035,362.48","722,712.00","98.29","United States","NYSE","USD","1.00","USD","-"
"VECO","VEECO INSTRUMENTS","Information Technology","Equity","70,811,963.55","0.09","70,811,963.55","1,558,019.00","45.45","United States","NASDAQ","USD","1.00","USD","-"
"MGRC","MCGRATH RENT","Industrials","Equity","70,571,522.88","0.09","70,571,522.88","630,328.00","111.96","United States","NASDAQ","USD","1.00","USD","-"
"WAY","WAYSTAR HOLDING","Health Care","Equity","70,460,297.60","0.09","70,460,297.60","2,859,590.00","24.64","United States","NASDAQ","USD","1.00","USD","-"
"FUL","HB FULLER","Materials","Equity","70,273,400.00","0.09","70,273,400.00","1,405,468.00","50.00","United States","NYSE","USD","1.00","USD","-"
"LEU","CENTRUS ENERGY CLASS A","Energy","Equity","70,128,444.96","0.09","70,128,444.96","476,028.00","147.32","United States","NYSE","USD","1.00","USD","-"
"BCC","BOISE CASCADE","Industrials","Equity","69,944,423.20","0.09","69,944,423.20","919,112.00","76.10","United States","NYSE","USD","1.00","USD","-"
"OUST","OUSTER","Information Technology","Equity","69,864,704.49","0.09","69,864,704.49","1,688,777.00","41.37","United States","NASDAQ","USD","1.00","USD","-"
"BETA","BETA TECHNOLOGIES CLASS A","Industrials","Equity","69,668,211.90","0.09","69,668,211.90","3,009,426.00","23.15","United States","NYSE","USD","1.00","USD","-"
"RDW","REDWIRE","Industrials","Equity","69,579,062.00","0.09","69,579,062.00","5,998,195.00","11.60","United States","NYSE","USD","1.00","USD","-"
"PURR","HYPERLIQUID STRATEGIES INC","Health Care","Equity","69,528,457.64","0.09","69,528,457.64","4,934,596.00","14.09","United States","NASDAQ","USD","1.00","USD","-"
"WRBY","WARBY PARKER CLASS A","Consumer Discretionary","Equity","69,391,049.12","0.09","69,391,049.12","2,641,456.00","26.27","United States","NYSE","USD","1.00","USD","-"
"AKR","ACADIA REALTY TRUST REIT","Real Estate","Equity","68,874,861.65","0.09","68,874,861.65","3,585,365.00","19.21","United States","NYSE","USD","1.00","USD","-"
"PENG","PENGUIN SOLUTIONS INC","Information Technology","Equity","68,810,364.16","0.09","68,810,364.16","1,296,352.00","53.08","United States","NASDAQ","USD","1.00","USD","-"
"NBTB","NBT BANCORP","Financials","Equity","68,687,019.40","0.09","68,687,019.40","1,343,380.00","51.13","United States","NASDAQ","USD","1.00","USD","-"
"FBK","FB FINANCIAL","Financials","Equity","68,583,818.90","0.09","68,583,818.90","1,298,690.00","52.81","United States","NYSE","USD","1.00","USD","-"
"PLUG","PLUG POWER","Industrials","Equity","68,576,997.44","0.09","68,576,997.44","34,988,264.00","1.96","United States","NASDAQ","USD","1.00","USD","-"
"CBZ","CBIZ","Industrials","Equity","68,564,947.08","0.09","68,564,947.08","1,253,931.00","54.68","United States","NYSE","USD","1.00","USD","-"
"MAN","MANPOWER","Industrials","Equity","68,550,185.26","0.09","68,550,185.26","1,202,213.00","57.02","United States","NYSE","USD","1.00","USD","-"
"WDFC","WD-40","Consumer Staples","Equity","68,443,465.86","0.09","68,443,465.86","347,094.00","197.19","United States","NASDAQ","USD","1.00","USD","-"
"CENX","CENTURY ALUMINUM","Materials","Equity","68,434,853.76","0.09","68,434,853.76","1,795,248.00","38.12","United States","NASDAQ","USD","1.00","USD","-"
"BATRK","ATLANTA BRAVES HOLDINGS SERIES C","Communication","Equity","68,228,369.16","0.09","68,228,369.16","1,262,086.00","54.06","United States","NASDAQ","USD","1.00","USD","-"
"BOH","BANK OF HAWAII","Financials","Equity","68,025,531.15","0.09","68,025,531.15","956,355.00","71.13","United States","NYSE","USD","1.00","USD","-"
"AMC","AMC ENTERTAINMENT HOLDINGS INC CLA","Communication","Equity","67,674,852.33","0.09","67,674,852.33","23,255,963.00","2.91","United States","NYSE","USD","1.00","USD","-"
"BKD","BROOKDALE SENIOR LIVING INC","Health Care","Equity","67,676,123.97","0.09","67,676,123.97","6,113,471.00","11.07","United States","NYSE","USD","1.00","USD","-"
"ELVN","ENLIVEN THERAPEUTICS","Health Care","Equity","67,223,620.12","0.09","67,223,620.12","1,488,236.00","45.17","United States","NASDAQ","USD","1.00","USD","-"
"AGYS","AGILYSYS INC","Information Technology","Equity","67,044,768.00","0.09","67,044,768.00","672,600.00","99.68","United States","NASDAQ","USD","1.00","USD","-"
"USD","USD CASH","Cash and/or Derivatives","Cash","66,836,110.56","0.09","66,836,110.56","66,836,111.00","100.00","United States","-","USD","1.00","USD","-"
"ACHC","ACADIA HEALTHCARE COMPANY","Health Care","Equity","66,818,134.00","0.09","66,818,134.00","2,403,530.00","27.80","United States","NASDAQ","USD","1.00","USD","-"
"UE","URBAN EDGE PROPERTIES","Real Estate","Equity","66,379,044.60","0.09","66,379,044.60","3,352,477.00","19.80","United States","NYSE","USD","1.00","USD","-"
"DRH","DIAMONDROCK HOSPITALITY","Real Estate","Equity","66,312,106.38","0.09","66,312,106.38","5,339,139.00","12.42","United States","NASDAQ","USD","1.00","USD","-"
"MGEE","MGE ENERGY","Utilities","Equity","66,302,840.34","0.09","66,302,840.34","968,066.00","68.49","United States","NASDAQ","USD","1.00","USD","-"
"FBNC","FIRST BANCORP","Financials","Equity","66,267,188.00","0.09","66,267,188.00","1,055,210.00","62.80","United States","NASDAQ","USD","1.00","USD","-"
"TRMK","TRUSTMARK","Financials","Equity","65,975,023.51","0.09","65,975,023.51","1,431,439.00","46.09","United States","NASDAQ","USD","1.00","USD","-"
"GPOR","GULFPORT ENERGY","Energy","Equity","65,918,418.30","0.09","65,918,418.30","407,130.00","161.91","United States","NYSE","USD","1.00","USD","-"
"ALRM","ALARM.COM HOLDINGS","Information Technology","Equity","65,871,105.92","0.09","65,871,105.92","1,232,618.00","53.44","United States","NASDAQ","USD","1.00","USD","-"
"NOG","NORTHERN OIL AND GAS","Energy","Equity","65,325,366.40","0.08","65,325,366.40","2,768,024.00","23.60","United States","NYSE","USD","1.00","USD","-"
"AEO","AMERICAN EAGLE OUTFITTERS","Consumer Discretionary","Equity","65,294,721.36","0.08","65,294,721.36","4,060,617.00","16.08","United States","NYSE","USD","1.00","USD","-"
"SOUN","SOUNDHOUND AI CLASS A","Information Technology","Equity","65,162,042.20","0.08","65,162,042.20","10,682,302.00","6.10","United States","NASDAQ","USD","1.00","USD","-"
"MANE","VERADERMICS","Health Care","Equity","65,121,892.88","0.08","65,121,892.88","562,754.00","115.72","United States","NYSE","USD","1.00","USD","-"
"AAP","ADVANCE AUTO PARTS INC","Consumer Discretionary","Equity","65,089,222.95","0.08","65,089,222.95","1,571,065.00","41.43","United States","NYSE","USD","1.00","USD","-"
"DYN","DYNE THERAPEUTICS","Health Care","Equity","64,935,084.76","0.08","64,935,084.76","3,933,076.00","16.51","United States","NASDAQ","USD","1.00","USD","-"
"IMAX","IMAX","Communication","Equity","64,907,820.04","0.08","64,907,820.04","1,176,719.00","55.16","United States","NYSE","USD","1.00","USD","-"
"NEO","NEOGENOMICS","Health Care","Equity","64,836,431.76","0.08","64,836,431.76","3,314,746.00","19.56","United States","NASDAQ","USD","1.00","USD","-"
"FRME","FIRST MERCHANTS","Financials","Equity","64,686,082.81","0.08","64,686,082.81","1,597,779.00","40.48","United States","NASDAQ","USD","1.00","USD","-"
"JOE","ST JOE","Real Estate","Equity","64,599,848.16","0.08","64,599,848.16","995,682.00","64.88","United States","NYSE","USD","1.00","USD","-"
"DXPE","DXP ENTERPRISES","Industrials","Equity","64,573,560.75","0.08","64,573,560.75","333,455.00","193.65","United States","NASDAQ","USD","1.00","USD","-"
"KALU","KAISER ALUMINIUM","Materials","Equity","64,145,489.76","0.08","64,145,489.76","422,928.00","151.67","United States","NASDAQ","USD","1.00","USD","-"
"REZI","RESIDEO TECHNOLOGIES","Industrials","Equity","64,088,118.90","0.08","64,088,118.90","3,502,083.00","18.30","United States","NYSE","USD","1.00","USD","-"
"HURN","HURON CONSULTING GROUP","Industrials","Equity","64,072,393.36","0.08","64,072,393.36","406,396.00","157.66","United States","NASDAQ","USD","1.00","USD","-"
"NGVT","INGEVITY","Materials","Equity","63,960,654.39","0.08","63,960,654.39","890,941.00","71.79","United States","NYSE","USD","1.00","USD","-"
"VC","VISTEON","Consumer Discretionary","Equity","63,574,984.80","0.08","63,574,984.80","707,568.00","89.85","United States","NASDAQ","USD","1.00","USD","-"
"BANC","BANC OF CALIFORNIA","Financials","Equity","63,465,581.07","0.08","63,465,581.07","3,579,559.00","17.73","United States","NYSE","USD","1.00","USD","-"
"FCPT","FOUR CORNERS PROPERTY INC TRUST","Real Estate","Equity","63,419,675.76","0.08","63,419,675.76","2,864,484.00","22.14","United States","NYSE","USD","1.00","USD","-"
"HWKN","HAWKINS INC","Materials","Equity","63,346,719.80","0.08","63,346,719.80","500,290.00","126.62","United States","NASDAQ","USD","1.00","USD","-"
"RRR","RED ROCK RESORTS ORS CLASS A","Consumer Discretionary","Equity","63,260,999.88","0.08","63,260,999.88","1,225,276.00","51.63","United States","NASDAQ","USD","1.00","USD","-"
"ROG","ROGERS","Information Technology","Equity","63,238,068.60","0.08","63,238,068.60","464,303.00","136.20","United States","NYSE","USD","1.00","USD","-"
"DCO","DUCOMMUN","Industrials","Equity","62,918,519.40","0.08","62,918,519.40","360,420.00","174.57","United States","NYSE","USD","1.00","USD","-"
"PLUS","EPLUS","Information Technology","Equity","62,898,029.84","0.08","62,898,029.84","689,974.00","91.16","United States","NASDAQ","USD","1.00","USD","-"
"CLDX","CELLDEX THERAPEUTICS","Health Care","Equity","62,769,010.84","0.08","62,769,010.84","1,993,933.00","31.48","United States","NASDAQ","USD","1.00","USD","-"
"NTB","BANK OF NT BUTTERFIELD & SON LTD","Financials","Equity","62,566,462.70","0.08","62,566,462.70","1,066,595.00","58.66","United States","NYSE","USD","1.00","USD","-"
"BULL","WEBULL CORP CLASS A","Financials","Equity","62,529,356.34","0.08","62,529,356.34","8,612,859.00","7.26","United States","NASDAQ","USD","1.00","USD","-"
"BEAM","BEAM THERAPEUTICS","Health Care","Equity","62,513,445.24","0.08","62,513,445.24","2,535,014.00","24.66","United States","NASDAQ","USD","1.00","USD","-"
"BUSE","FIRST BUSEY","Financials","Equity","62,344,920.00","0.08","62,344,920.00","2,078,164.00","30.00","United States","NASDAQ","USD","1.00","USD","-"
"CUBI","CUSTOMERS BANCORP","Financials","Equity","61,978,530.51","0.08","61,978,530.51","806,697.00","76.83","United States","NYSE","USD","1.00","USD","-"
"SUPN","SUPERNUS PHARMACEUTICALS","Health Care","Equity","61,748,206.65","0.08","61,748,206.65","1,426,385.00","43.29","United States","NASDAQ","USD","1.00","USD","-"
"VVX","V2X","Industrials","Equity","61,647,995.65","0.08","61,647,995.65","809,135.00","76.19","United States","NYSE","USD","1.00","USD","-"
"SLS","SELLAS LIFE SCIENCES GROUP INC","Health Care","Equity","61,637,806.82","0.08","61,637,806.82","5,145,059.00","11.98","United States","NASDAQ","USD","1.00","USD","-"
"IOSP","INNOSPEC INC","Materials","Equity","61,624,237.98","0.08","61,624,237.98","636,154.00","96.87","United States","NASDAQ","USD","1.00","USD","-"
"NWL","NEWELL BRANDS INC","Consumer Discretionary","Equity","61,285,422.77","0.08","61,285,422.77","10,963,403.00","5.59","United States","NASDAQ","USD","1.00","USD","-"
"OPEN","OPENDOOR TECHNOLOGIES CLASS A","Real Estate","Equity","60,863,673.64","0.08","60,863,673.64","24,056,788.00","2.53","United States","NASDAQ","USD","1.00","USD","-"
"CXT","CRANE NXT","Information Technology","Equity","60,666,529.68","0.08","60,666,529.68","1,286,398.00","47.16","United States","NYSE","USD","1.00","USD","-"
"KEEL","KEEL INFRASTRUCTURE CORP","Information Technology","Equity","60,233,397.90","0.08","60,233,397.90","15,444,461.00","3.90","United States","NASDAQ","USD","1.00","USD","-"
"BRZE","BRAZE CLASS A","Information Technology","Equity","60,214,708.69","0.08","60,214,708.69","2,440,807.00","24.67","United States","NASDAQ","USD","1.00","USD","-"
"IMNM","IMMUNOME","Health Care","Equity","60,186,640.80","0.08","60,186,640.80","2,694,120.00","22.34","United States","NASDAQ","USD","1.00","USD","-"
"KMT","KENNAMETAL","Industrials","Equity","59,904,010.64","0.08","59,904,010.64","1,992,152.00","30.07","United States","NYSE","USD","1.00","USD","-"
"CARG","CARGURUS CLASS A","Communication","Equity","59,723,773.05","0.08","59,723,773.05","1,927,195.00","30.99","United States","NASDAQ","USD","1.00","USD","-"
"BBT","BEACON FINANCIAL","Financials","Equity","59,597,020.00","0.08","59,597,020.00","2,128,465.00","28.00","United States","NYSE","USD","1.00","USD","-"
"BANF","BANCFIRST CORP","Financials","Equity","59,573,131.05","0.08","59,573,131.05","554,943.00","107.35","United States","NASDAQ","USD","1.00","USD","-"
"PRVA","PRIVIA HEALTH GROUP INC","Health Care","Equity","59,534,959.05","0.08","59,534,959.05","3,070,395.00","19.39","United States","NASDAQ","USD","1.00","USD","-"
"APAM","ARTISAN PARTNERS ASSET MANAGEMENT","Financials","Equity","59,526,577.74","0.08","59,526,577.74","1,663,683.00","35.78","United States","NYSE","USD","1.00","USD","-"
"TNK","TEEKAY TANKERS LTD CLASS A","Energy","Equity","59,180,365.44","0.08","59,180,365.44","629,043.00","94.08","Bermuda","NYSE","USD","1.00","USD","-"
"PHIN","PHINIA","Consumer Discretionary","Equity","59,031,369.54","0.08","59,031,369.54","984,841.00","59.94","United States","NYSE","USD","1.00","USD","-"
"AXGN","AXOGEN","Health Care","Equity","59,016,135.60","0.08","59,016,135.60","1,362,330.00","43.32","United States","NASDAQ","USD","1.00","USD","-"
"INOD","INNODATA","Industrials","Equity","58,773,704.86","0.08","58,773,704.86","817,778.00","71.87","United States","NASDAQ","USD","1.00","USD","-"
"GOLF","ACUSHNET HOLDINGS CORP","Consumer Discretionary","Equity","58,638,919.88","0.08","58,638,919.88","711,983.00","82.36","United States","NYSE","USD","1.00","USD","-"
"EFSC","ENTERPRISE FINANCIAL SERVICES CORP","Financials","Equity","58,559,538.24","0.08","58,559,538.24","964,896.00","60.69","United States","NASDAQ","USD","1.00","USD","-"
"IVT","INVENTRUST PROPERTIES","Real Estate","Equity","58,479,217.77","0.08","58,479,217.77","1,912,961.00","30.57","United States","NYSE","USD","1.00","USD","-"
"HLIO","HELIOS TECHNOLOGIES INC","Industrials","Equity","58,338,123.48","0.08","58,338,123.48","853,146.00","68.38","United States","NYSE","USD","1.00","USD","-"
"BANR","BANNER CORP","Financials","Equity","58,117,506.66","0.08","58,117,506.66","844,854.00","68.79","United States","NASDAQ","USD","1.00","USD","-"
"NRIX","NURIX THERAPEUTICS","Health Care","Equity","58,110,273.10","0.08","58,110,273.10","2,457,094.00","23.65","United States","NASDAQ","USD","1.00","USD","-"
"LASR","NLIGHT","Information Technology","Equity","58,096,958.10","0.08","58,096,958.10","1,430,255.00","40.62","United States","NASDAQ","USD","1.00","USD","-"
"UFPT","UFP TECHNOLOGIES INC","Health Care","Equity","57,961,532.72","0.08","57,961,532.72","194,189.00","298.48","United States","NASDAQ","USD","1.00","USD","-"
"SHAK","SHAKE SHACK INC CLASS A","Consumer Discretionary","Equity","57,940,450.65","0.08","57,940,450.65","1,008,537.00","57.45","United States","NYSE","USD","1.00","USD","-"
"CALY","CALLAWAY GOLF COMPANY","Consumer Discretionary","Equity","57,934,301.25","0.08","57,934,301.25","4,065,565.00","14.25","United States","NYSE","USD","1.00","USD","-"
"WTTR","SELECT WATER SOLUTIONS CLASS A","Energy","Equity","57,910,336.47","0.08","57,910,336.47","2,965,199.00","19.53","United States","NYSE","USD","1.00","USD","-"
"NWBI","NORTHWEST BANCSHARES INC","Financials","Equity","57,879,290.70","0.08","57,879,290.70","3,812,865.00","15.18","United States","NASDAQ","USD","1.00","USD","-"
"OSW","ONESPAWORLD HOLDINGS LTD","Consumer Discretionary","Equity","57,757,570.05","0.07","57,757,570.05","2,563,585.00","22.53","United States","NASDAQ","USD","1.00","USD","-"
"ANDE","ANDERSONS INC","Consumer Staples","Equity","57,667,755.01","0.07","57,667,755.01","863,419.00","66.79","United States","NASDAQ","USD","1.00","USD","-"
"TRN","TRINITY INDUSTRIES INC","Industrials","Equity","57,627,157.44","0.07","57,627,157.44","2,069,941.00","27.84","United States","NYSE","USD","1.00","USD","-"
"NG","NOVAGOLD RESOURCES INC","Materials","Equity","57,628,789.26","0.07","57,628,789.26","8,071,259.00","7.14","Canada","Nyse Mkt Llc","USD","1.00","USD","-"
"RAMP","LIVERAMP HOLDINGS INC","Information Technology","Equity","57,584,571.84","0.07","57,584,571.84","1,536,408.00","37.48","United States","NYSE","USD","1.00","USD","-"
"RCUS","ARCUS BIOSCIENCES","Health Care","Equity","57,483,354.74","0.07","57,483,354.74","2,293,829.00","25.06","United States","NYSE","USD","1.00","USD","-"
"PRLB","PROTO LABS","Industrials","Equity","57,473,961.03","0.07","57,473,961.03","618,199.00","92.97","United States","NYSE","USD","1.00","USD","-"
"ASST","STRIVE INC CLASS A","Health Care","Equity","57,450,668.40","0.07","57,450,668.40","1,918,860.00","29.94","United States","NASDAQ","USD","1.00","USD","-"
"LTC","LTC PROPERTIES REIT","Real Estate","Equity","57,084,047.04","0.07","57,084,047.04","1,316,514.00","43.36","United States","NYSE","USD","1.00","USD","-"
"LION","LIONSGATE STUDIOS","Communication","Equity","57,033,995.94","0.07","57,033,995.94","5,194,353.00","10.98","United States","NYSE","USD","1.00","USD","-"
"KWR","QUAKER HOUGHTON CORP","Materials","Equity","56,780,569.26","0.07","56,780,569.26","356,058.00","159.47","United States","NYSE","USD","1.00","USD","-"
"ATRO","ASTRONICS","Industrials","Equity","56,760,671.10","0.07","56,760,671.10","820,834.00","69.15","United States","NASDAQ","USD","1.00","USD","-"
"WAFD","WAFD INC","Financials","Equity","56,500,172.63","0.07","56,500,172.63","1,827,893.00","30.91","United States","NASDAQ","USD","1.00","USD","-"
"CNS","COHEN & STEERS INC","Financials","Equity","56,448,020.70","0.07","56,448,020.70","751,138.00","75.15","United States","NYSE","USD","1.00","USD","-"
"PATK","PATRICK INDUSTRIES","Consumer Discretionary","Equity","56,319,062.80","0.07","56,319,062.80","831,155.00","67.76","United States","NASDAQ","USD","1.00","USD","-"
"HTO","H2O AMERICA","Utilities","Equity","56,137,409.78","0.07","56,137,409.78","902,821.00","62.18","United States","NASDAQ","USD","1.00","USD","-"
"AVPT","AVEPOINT CLASS A","Information Technology","Equity","56,115,569.16","0.07","56,115,569.16","4,264,101.00","13.16","United States","NASDAQ","USD","1.00","USD","-"
"ADMA","ADMA BIOLOGICS","Health Care","Equity","56,011,177.04","0.07","56,011,177.04","5,883,527.00","9.52","United States","NASDAQ","USD","1.00","USD","-"
"LUNR","INTUITIVE MACHINES INC CLASS A","Industrials","Equity","55,998,241.90","0.07","55,998,241.90","3,566,767.00","15.70","United States","NASDAQ","USD","1.00","USD","-"
"PBH","PRESTIGE CONSUMER HEALTHCARE","Health Care","Equity","55,698,751.90","0.07","55,698,751.90","1,220,126.00","45.65","United States","NYSE","USD","1.00","USD","-"
"CC","CHEMOURS","Materials","Equity","55,681,574.19","0.07","55,681,574.19","3,924,001.00","14.19","United States","NYSE","USD","1.00","USD","-"
"RSI","RUSH STREET INTERACTIVE CLASS A","Consumer Discretionary","Equity","55,557,613.04","0.07","55,557,613.04","2,843,276.00","19.54","United States","NYSE","USD","1.00","USD","-"
"TALO","TALOS ENERGY","Energy","Equity","55,534,677.14","0.07","55,534,677.14","3,262,907.00","17.02","United States","NYSE","USD","1.00","USD","-"
"GPGI","GPGI INC CLASS A","Information Technology","Equity","55,474,106.31","0.07","55,474,106.31","4,649,967.00","11.93","United States","NYSE","USD","1.00","USD","-"
"CRVL","CORVEL","Health Care","Equity","55,419,375.69","0.07","55,419,375.69","751,653.00","73.73","United States","NASDAQ","USD","1.00","USD","-"
"IPAR","INTERPARFUMS INC","Consumer Staples","Equity","55,103,071.52","0.07","55,103,071.52","475,888.00","115.79","United States","NASDAQ","USD","1.00","USD","-"
"NCNO","NCINO","Information Technology","Equity","54,973,116.45","0.07","54,973,116.45","2,752,785.00","19.97","United States","NASDAQ","USD","1.00","USD","-"
"OFG","OFG BANCORP","Financials","Equity","54,596,461.92","0.07","54,596,461.92","1,055,208.00","51.74","United States","NYSE","USD","1.00","USD","-"
"FCF","FIRST COMMONWEALTH FINANCIAL CORP","Financials","Equity","54,479,179.20","0.07","54,479,179.20","2,601,680.00","20.94","United States","NYSE","USD","1.00","USD","-"
"VERA","VERA THERAPEUTICS CLASS A","Health Care","Equity","54,436,018.36","0.07","54,436,018.36","1,632,754.00","33.34","United States","NASDAQ","USD","1.00","USD","-"
"UPST","UPSTART HOLDINGS","Financials","Equity","54,417,858.88","0.07","54,417,858.88","2,208,517.00","24.64","United States","NASDAQ","USD","1.00","USD","-"
"PEB","PEBBLEBROOK HOTEL TRUST REIT","Real Estate","Equity","54,384,670.20","0.07","54,384,670.20","2,923,907.00","18.60","United States","NYSE","USD","1.00","USD","-"
"STNE","STONECO CLASS A","Financials","Equity","54,364,636.64","0.07","54,364,636.64","5,935,004.00","9.16","Brazil","NASDAQ","USD","1.00","USD","-"
"SKWD","SKYWARD SPECIALTY INSURANCE GROUP","Financials","Equity","54,319,839.84","0.07","54,319,839.84","989,793.00","54.88","United States","NASDAQ","USD","1.00","USD","-"
"SONO","SONOS","Consumer Discretionary","Equity","54,197,491.84","0.07","54,197,491.84","3,037,976.00","17.84","United States","NASDAQ","USD","1.00","USD","-"
"HGV","HILTON GRAND VACATIONS","Consumer Discretionary","Equity","54,131,842.76","0.07","54,131,842.76","1,543,097.00","35.08","United States","NYSE","USD","1.00","USD","-"
"MD","PEDIATRIX MEDICAL GROUP INC","Health Care","Equity","54,004,780.14","0.07","54,004,780.14","2,104,629.00","25.66","United States","NYSE","USD","1.00","USD","-"
"ADUS","ADDUS HOMECARE CORP","Health Care","Equity","53,974,162.50","0.07","53,974,162.50","473,250.00","114.05","United States","NASDAQ","USD","1.00","USD","-"
"OCUL","OCULAR THERAPEUTIX","Health Care","Equity","53,897,796.68","0.07","53,897,796.68","5,488,574.00","9.82","United States","NASDAQ","USD","1.00","USD","-"
"AGM","FEDERAL AGRICULTURAL MORTGAGE NON","Financials","Equity","53,663,717.25","0.07","53,663,717.25","245,275.00","218.79","United States","NYSE","USD","1.00","USD","-"
"ECPG","ENCORE CAPITAL GROUP","Financials","Equity","53,493,941.48","0.07","53,493,941.48","548,206.00","97.58","United States","NASDAQ","USD","1.00","USD","-"
"SYBT","STOCK YARDS BANCORP INC","Financials","Equity","53,341,364.28","0.07","53,341,364.28","683,338.00","78.06","United States","NASDAQ","USD","1.00","USD","-"
"FLYW","FLYWIRE","Financials","Equity","53,305,521.54","0.07","53,305,521.54","3,119,106.00","17.09","United States","NASDAQ","USD","1.00","USD","-"
"LCII","LCI INDUSTRIES","Consumer Discretionary","Equity","52,915,222.80","0.07","52,915,222.80","633,336.00","83.55","United States","NYSE","USD","1.00","USD","-"
"MTX","MINERALS TECHNOLOGIES","Materials","Equity","52,850,628.05","0.07","52,850,628.05","796,543.00","66.35","United States","NYSE","USD","1.00","USD","-"
"ARR","ARMOUR RESIDENTIAL REIT","Financials","Equity","52,826,400.78","0.07","52,826,400.78","3,743,898.00","14.11","United States","NYSE","USD","1.00","USD","-"
"VRDN","VIRIDIAN THERAPEUTICS ORS","Health Care","Equity","52,798,634.02","0.07","52,798,634.02","2,555,597.00","20.66","United States","NASDAQ","USD","1.00","USD","-"
"PRGO","PERRIGO PLC","Health Care","Equity","52,794,638.20","0.07","52,794,638.20","3,596,365.00","14.68","United States","NYSE","USD","1.00","USD","-"
"BFLY","BUTTERFLY NETWORK CLASS A","Health Care","Equity","52,726,996.54","0.07","52,726,996.54","5,603,294.00","9.41","United States","NYSE","USD","1.00","USD","-"
"TILE","INTERFACE","Industrials","Equity","52,640,967.33","0.07","52,640,967.33","1,495,907.00","35.19","United States","NASDAQ","USD","1.00","USD","-"
"NAVN","NAVAN CLASS A","Consumer Discretionary","Equity","52,504,154.03","0.07","52,504,154.03","2,702,221.00","19.43","United States","NASDAQ","USD","1.00","USD","-"
"GRBK","GREEN BRICK PARTNERS","Consumer Discretionary","Equity","52,374,757.37","0.07","52,374,757.37","772,603.00","67.79","United States","NYSE","USD","1.00","USD","-"
"NKTR","NEKTAR THERAPEUTICS","Health Care","Equity","52,297,331.74","0.07","52,297,331.74","880,723.00","59.38","United States","NASDAQ","USD","1.00","USD","-"
"BFH","BREAD FINANCIAL HOLDINGS","Financials","Equity","52,246,627.96","0.07","52,246,627.96","514,441.00","101.56","United States","NYSE","USD","1.00","USD","-"
"LPG","DORIAN LPG","Energy","Equity","52,121,658.15","0.07","52,121,658.15","964,323.00","54.05","United States","NYSE","USD","1.00","USD","-"
"GEF","GREIF INC CLASS A","Materials","Equity","51,928,636.92","0.07","51,928,636.92","627,006.00","82.82","United States","NYSE","USD","1.00","USD","-"
"SHO","SUNSTONE HOTEL INVESTORS REIT INC","Real Estate","Equity","51,845,682.54","0.07","51,845,682.54","4,654,011.00","11.14","United States","NYSE","USD","1.00","USD","-"
"WERN","WERNER ENTERPRISES","Industrials","Equity","51,838,791.48","0.07","51,838,791.48","1,548,351.00","33.48","United States","NASDAQ","USD","1.00","USD","-"
"NESR","NATIONAL ENERGY SERVICES REUNITED","Energy","Equity","51,715,057.94","0.07","51,715,057.94","1,578,122.00","32.77","United States","NASDAQ","USD","1.00","USD","-"
"HCI","HCI GROUP INC","Financials","Equity","51,619,332.24","0.07","51,619,332.24","291,816.00","176.89","United States","NYSE","USD","1.00","USD","-"
"NWN","NORTHWEST NATURAL HOLDING COMPANY","Utilities","Equity","51,582,360.06","0.07","51,582,360.06","1,098,198.00","46.97","United States","NYSE","USD","1.00","USD","-"
"BXMT","BLACKSTONE MORTGAGE TRUST REIT CLA","Financials","Equity","51,562,769.16","0.07","51,562,769.16","4,161,644.00","12.39","United States","NYSE","USD","1.00","USD","-"
"MZTI","MARZETTI","Consumer Staples","Equity","51,511,107.70","0.07","51,511,107.70","509,305.00","101.14","United States","NASDAQ","USD","1.00","USD","-"
"VCEL","VERICEL","Health Care","Equity","51,504,379.20","0.07","51,504,379.20","1,310,544.00","39.30","United States","NASDAQ","USD","1.00","USD","-"
"PPTA","PERPETUA RESOURCES","Materials","Equity","51,465,894.98","0.07","51,465,894.98","2,197,519.00","23.42","United States","NASDAQ","USD","1.00","USD","-"
"NMRK","NEWMARK GROUP INC CLASS A","Real Estate","Equity","51,147,063.60","0.07","51,147,063.60","3,904,356.00","13.10","United States","NASDAQ","USD","1.00","USD","-"
"PENN","PENN ENTERTAINMENT","Consumer Discretionary","Equity","51,125,209.70","0.07","51,125,209.70","3,300,530.00","15.49","United States","NASDAQ","USD","1.00","USD","-"
"RXRX","RECURSION PHARMACEUTICALS CLASS A","Health Care","Equity","51,120,361.09","0.07","51,120,361.09","13,141,481.00","3.89","United States","NASDAQ","USD","1.00","USD","-"
"SBET","SHARPLINK INC","Financials","Equity","51,038,584.70","0.07","51,038,584.70","5,129,506.00","9.95","United States","NASDAQ","USD","1.00","USD","-"
"INSP","INSPIRE MEDICAL SYSTEMS","Health Care","Equity","50,934,400.58","0.07","50,934,400.58","740,218.00","68.81","United States","NYSE","USD","1.00","USD","-"
"PTON","PELOTON INTERACTIVE CLASS A","Consumer Discretionary","Equity","50,809,220.87","0.07","50,809,220.87","10,607,353.00","4.79","United States","NASDAQ","USD","1.00","USD","-"
"ICHR","ICHOR HOLDINGS","Information Technology","Equity","50,776,073.43","0.07","50,776,073.43","899,169.00","56.47","United States","NASDAQ","USD","1.00","USD","-"
"INTA","INTAPP","Information Technology","Equity","50,732,146.44","0.07","50,732,146.44","1,377,468.00","36.83","United States","NASDAQ","USD","1.00","USD","-"
"TBBK","BANCORP INC","Financials","Equity","50,723,753.22","0.07","50,723,753.22","1,014,678.00","49.99","United States","NASDAQ","USD","1.00","USD","-"
"AUPH","AURINIA PHARMACEUTICALS","Health Care","Equity","50,591,948.47","0.07","50,591,948.47","3,048,626.00","16.59","United States","NASDAQ","USD","1.00","USD","-"
"SPNT","SIRIUSPOINT","Financials","Equity","50,237,682.60","0.07","50,237,682.60","1,947,197.00","25.80","United States","NYSE","USD","1.00","USD","-"
"SGHC","SUPER GROUP","Consumer Discretionary","Equity","50,238,776.92","0.07","50,238,776.92","4,193,554.00","11.98","United States","NYSE","USD","1.00","USD","-"
"SPB","SPECTRUM BRANDS HOLDINGS","Consumer Staples","Equity","50,221,816.96","0.07","50,221,816.96","592,448.00","84.77","United States","NYSE","USD","1.00","USD","-"
"PFSI","PENNYMAC FINANCIAL SERVICES","Financials","Equity","50,019,310.12","0.06","50,019,310.12","766,462.00","65.26","United States","NYSE","USD","1.00","USD","-"
"XRAY","DENTSPLY SIRONA","Health Care","Equity","49,829,787.37","0.06","49,829,787.37","5,228,729.00","9.53","United States","NASDAQ","USD","1.00","USD","-"
"PRDO","PERDOCEO EDUCATION","Consumer Discretionary","Equity","49,615,251.84","0.06","49,615,251.84","1,566,138.00","31.68","United States","NASDAQ","USD","1.00","USD","-"
"AGIO","AGIOS PHARMACEUTICALS","Health Care","Equity","49,610,370.60","0.06","49,610,370.60","1,507,914.00","32.90","United States","NASDAQ","USD","1.00","USD","-"
"CALX","CALIX NETWORKS","Information Technology","Equity","49,464,172.50","0.06","49,464,172.50","1,486,750.00","33.27","United States","NYSE","USD","1.00","USD","-"
"KSS","KOHLS CORP","Consumer Discretionary","Equity","49,372,170.60","0.06","49,372,170.60","2,863,815.00","17.24","United States","NYSE","USD","1.00","USD","-"
"PACS","PACS GROUP","Health Care","Equity","49,350,998.88","0.06","49,350,998.88","1,190,328.00","41.46","United States","NYSE","USD","1.00","USD","-"
"FTRE","FORTREA HOLDINGS INC","Health Care","Equity","49,332,643.36","0.06","49,332,643.36","2,464,168.00","20.02","United States","NASDAQ","USD","1.00","USD","-"
"ZD","ZIFF DAVIS INC","Communication","Equity","48,870,549.75","0.06","48,870,549.75","865,425.00","56.47","United States","NASDAQ","USD","1.00","USD","-"
"SRPT","SAREPTA THERAPEUTICS","Health Care","Equity","48,838,194.27","0.06","48,838,194.27","2,655,693.00","18.39","United States","NASDAQ","USD","1.00","USD","-"
"NNI","NELNET CLASS A","Financials","Equity","48,818,463.62","0.06","48,818,463.62","390,454.00","125.03","United States","NYSE","USD","1.00","USD","-"
"PAYO","PAYONEER GLOBAL INC","Financials","Equity","48,756,087.93","0.06","48,756,087.93","6,838,161.00","7.13","United States","NASDAQ","USD","1.00","USD","-"
"PGNY","PROGYNY","Health Care","Equity","48,742,911.21","0.06","48,742,911.21","1,876,893.00","25.97","United States","NASDAQ","USD","1.00","USD","-"
"BCRX","BIOCRYST PHARMACEUTICALS","Health Care","Equity","48,684,592.08","0.06","48,684,592.08","5,714,154.00","8.52","United States","NASDAQ","USD","1.00","USD","-"
"RH","RH","Consumer Discretionary","Equity","48,642,272.68","0.06","48,642,272.68","401,372.00","121.19","United States","NYSE","USD","1.00","USD","-"
"WLY","JOHN WILEY AND SONS CLASS A","Communication","Equity","48,646,749.16","0.06","48,646,749.16","1,000,756.00","48.61","United States","NYSE","USD","1.00","USD","-"
"CLOV","CLOVER HEALTH INVESTMENTS CLASS A","Health Care","Equity","48,607,436.02","0.06","48,607,436.02","10,777,702.00","4.51","United States","NASDAQ","USD","1.00","USD","-"
"QUBT","QUANTUM COMPUTING","Information Technology","Equity","48,351,508.84","0.06","48,351,508.84","5,278,549.00","9.16","United States","NASDAQ","USD","1.00","USD","-"
"WOR","WORTHINGTON ENTERPRISES","Industrials","Equity","48,236,791.17","0.06","48,236,791.17","799,549.00","60.33","United States","NYSE","USD","1.00","USD","-"
"HMN","HORACE MANN EDUCATORS CORP","Financials","Equity","48,230,203.00","0.06","48,230,203.00","1,051,225.00","45.88","United States","NYSE","USD","1.00","USD","-"
"BXDC","BLACKSTONE DIGITAL INFRASTRUCTURE","Real Estate","Equity","48,030,964.12","0.06","48,030,964.12","2,454,316.00","19.57","United States","NYSE","USD","1.00","USD","-"
"ATEN","A10 NETWORKS","Information Technology","Equity","48,022,450.72","0.06","48,022,450.72","1,847,728.00","25.99","United States","NYSE","USD","1.00","USD","-"
"IRON","DISC MEDICINE","Health Care","Equity","48,022,898.44","0.06","48,022,898.44","722,801.00","66.44","United States","NASDAQ","USD","1.00","USD","-"
"CHCO","CITY HOLDING","Financials","Equity","47,984,187.16","0.06","47,984,187.16","342,524.00","140.09","United States","NASDAQ","USD","1.00","USD","-"
"ALGT","ALLEGIANT TRAVEL","Industrials","Equity","47,794,326.32","0.06","47,794,326.32","621,998.00","76.84","United States","NASDAQ","USD","1.00","USD","-"
"STC","STEWART INFO SERVICES CORP","Financials","Equity","47,505,240.09","0.06","47,505,240.09","795,333.00","59.73","United States","NYSE","USD","1.00","USD","-"
"EPAC","ENERPAC TOOL GROUP CLASS A","Industrials","Equity","47,463,490.68","0.06","47,463,490.68","1,316,967.00","36.04","United States","NYSE","USD","1.00","USD","-"
"HRMY","HARMONY BIOSCIENCES HLDG","Health Care","Equity","47,466,905.64","0.06","47,466,905.64","1,153,229.00","41.16","United States","NASDAQ","USD","1.00","USD","-"
"PAY","PAYMENTUS HOLDINGS INC CLASS A","Financials","Equity","47,334,434.80","0.06","47,334,434.80","1,529,384.00","30.95","United States","NYSE","USD","1.00","USD","-"
"DXC","DXC TECHNOLOGY","Information Technology","Equity","47,179,293.72","0.06","47,179,293.72","4,364,412.00","10.81","United States","NYSE","USD","1.00","USD","-"
"BAND","BANDWIDTH CLASS A","Communication","Equity","47,130,226.65","0.06","47,130,226.65","762,255.00","61.83","United States","NASDAQ","USD","1.00","USD","-"
"AMR","ALPHA METALLURGICAL RESOURCE","Materials","Equity","47,107,690.66","0.06","47,107,690.66","273,866.00","172.01","United States","NYSE","USD","1.00","USD","-"
"TNET","TRINET GROUPINARY","Industrials","Equity","47,108,513.50","0.06","47,108,513.50","718,775.00","65.54","United States","NYSE","USD","1.00","USD","-"
"FLY","FIREFLY AEROSPACE","Industrials","Equity","47,017,405.03","0.06","47,017,405.03","2,036,267.00","23.09","United States","NASDAQ","USD","1.00","USD","-"
"GABC","GERMAN AMERICAN BANCORP INC","Financials","Equity","46,999,452.90","0.06","46,999,452.90","957,219.00","49.10","United States","NASDAQ","USD","1.00","USD","-"
"DV","DOUBLEVERIFY HOLDINGS","Communication","Equity","47,004,454.42","0.06","47,004,454.42","3,515,666.00","13.37","United States","NYSE","USD","1.00","USD","-"
"RUN","SUNRUN INC","Industrials","Equity","46,967,432.10","0.06","46,967,432.10","6,036,945.00","7.78","United States","NASDAQ","USD","1.00","USD","-"
"NTST","NETSTREIT","Real Estate","Equity","46,875,456.28","0.06","46,875,456.28","2,537,924.00","18.47","United States","NYSE","USD","1.00","USD","-"
"PDFS","PDF SOLUTIONS","Information Technology","Equity","46,772,822.88","0.06","46,772,822.88","976,876.00","47.88","United States","NASDAQ","USD","1.00","USD","-"
"FA","FIRST ADVANTAGE","Industrials","Equity","46,635,409.20","0.06","46,635,409.20","2,341,135.00","19.92","United States","NASDAQ","USD","1.00","USD","-"
"DHC","DIVERSIFIED HEALTHCARE TRUST","Real Estate","Equity","46,565,552.88","0.06","46,565,552.88","5,734,674.00","8.12","United States","NASDAQ","USD","1.00","USD","-"
"WKC","WORLD KINECT","Energy","Equity","46,569,423.78","0.06","46,569,423.78","1,294,674.00","35.97","United States","NYSE","USD","1.00","USD","-"
"HUBG","HUB GROUP CLASS A","Industrials","Equity","46,549,262.76","0.06","46,549,262.76","1,550,092.00","30.03","United States","NASDAQ","USD","1.00","USD","-"
"GNL","GLOBAL NET LEASE INC","Real Estate","Equity","46,521,145.53","0.06","46,521,145.53","5,390,631.00","8.63","United States","NYSE","USD","1.00","USD","-"
"SEZL","SEZZLE INC","Financials","Equity","46,338,796.68","0.06","46,338,796.68","422,106.00","109.78","United States","NASDAQ","USD","1.00","USD","-"
"EVTC","EVERTEC INC","Financials","Equity","46,171,860.00","0.06","46,171,860.00","1,637,300.00","28.20","United States","NYSE","USD","1.00","USD","-"
"CTRI","CENTURI HOLDINGS INC","Industrials","Equity","45,959,814.43","0.06","45,959,814.43","2,254,037.00","20.39","United States","NYSE","USD","1.00","USD","-"
"HAPN","HAPPEN","Financials","Equity","45,886,230.85","0.06","45,886,230.85","2,989,331.00","15.35","United States","NASDAQ","USD","1.00","USD","-"
"ACVA","ACV AUCTIONS CLASS A","Industrials","Equity","45,564,816.46","0.06","45,564,816.46","4,356,101.00","10.46","United States","NYSE","USD","1.00","USD","-"
"ESTA","ESTABLISHMENT LABS INC","Health Care","Equity","45,379,589.34","0.06","45,379,589.34","691,973.00","65.58","United States","NASDAQ","USD","1.00","USD","-"
"WGS","GENEDX HOLDINGS CLASS A","Health Care","Equity","45,244,513.44","0.06","45,244,513.44","511,353.00","88.48","United States","NASDAQ","USD","1.00","USD","-"
"NSP","INSPERITY","Industrials","Equity","45,246,100.50","0.06","45,246,100.50","944,595.00","47.90","United States","NYSE","USD","1.00","USD","-"
"BLBD","BLUE BIRD","Industrials","Equity","45,184,427.96","0.06","45,184,427.96","812,962.00","55.58","United States","NASDAQ","USD","1.00","USD","-"
"STRA","STRATEGIC EDUCATION","Consumer Discretionary","Equity","45,101,013.88","0.06","45,101,013.88","565,034.00","79.82","United States","NASDAQ","USD","1.00","USD","-"
"BHVN","BIOHAVEN","Health Care","Equity","44,965,303.55","0.06","44,965,303.55","3,409,045.00","13.19","United States","NYSE","USD","1.00","USD","-"
"LMAT","LEMAITRE VASCULAR","Health Care","Equity","44,902,622.16","0.06","44,902,622.16","555,588.00","80.82","United States","NASDAQ","USD","1.00","USD","-"
"URGN","UROGEN PHARMA","Health Care","Equity","44,878,360.24","0.06","44,878,360.24","1,088,488.00","41.23","United States","NASDAQ","USD","1.00","USD","-"
"AIN","ALBANY INTERNATIONAL CORP CLASS A","Industrials","Equity","44,796,041.44","0.06","44,796,041.44","738,721.00","60.64","United States","NYSE","USD","1.00","USD","-"
"CPRI","CAPRI HOLDINGS LTD","Consumer Discretionary","Equity","44,613,121.14","0.06","44,613,121.14","2,937,006.00","15.19","United States","NYSE","USD","1.00","USD","-"
"PVLA","PALVELLA THERAPEUTICS INC","Health Care","Equity","44,486,348.85","0.06","44,486,348.85","304,555.00","146.07","United States","NASDAQ","USD","1.00","USD","-"
"PLAB","PHOTRONICS","Information Technology","Equity","44,435,113.91","0.06","44,435,113.91","1,490,611.00","29.81","United States","NASDAQ","USD","1.00","USD","-"
"BBUC","BROOKFIELD BUSINESS CORP CLASS A","Industrials","Equity","44,424,591.54","0.06","44,424,591.54","1,772,022.00","25.07","Canada","NYSE","USD","1.00","USD","-"
"NVCR","NOVOCURE","Health Care","Equity","44,159,580.00","0.06","44,159,580.00","2,725,900.00","16.20","United States","NASDAQ","USD","1.00","USD","-"
"STBA","S AND T BANCORP INC","Financials","Equity","44,133,336.00","0.06","44,133,336.00","889,785.00","49.60","United States","NASDAQ","USD","1.00","USD","-"
"MBX","MBX BIOSCIENCES","Health Care","Equity","44,025,467.53","0.06","44,025,467.53","794,827.00","55.39","United States","NASDAQ","USD","1.00","USD","-"
"SMA","SMARTSTOP SELF STORAGE REIT INC","Real Estate","Equity","43,813,218.75","0.06","43,813,218.75","1,402,023.00","31.25","United States","NYSE","USD","1.00","USD","-"
"SDGR","SCHRODINGER INC","Health Care","Equity","43,765,674.45","0.06","43,765,674.45","1,486,101.00","29.45","United States","NASDAQ","USD","1.00","USD","-"
"XHR","XENIA HOTELS RESORTS REIT","Real Estate","Equity","43,729,441.14","0.06","43,729,441.14","2,438,898.00","17.93","United States","NYSE","USD","1.00","USD","-"
"GTY","GETTY REALTY REIT","Real Estate","Equity","43,684,188.57","0.06","43,684,188.57","1,521,567.00","28.71","United States","NYSE","USD","1.00","USD","-"
"TIC","TIC SOLUTIONS INC","Industrials","Equity","43,665,094.08","0.06","43,665,094.08","4,922,784.00","8.87","United States","NYSE","USD","1.00","USD","-"
"CTS","CTS CORP","Information Technology","Equity","43,432,032.60","0.06","43,432,032.60","728,970.00","59.58","United States","NYSE","USD","1.00","USD","-"
"NBHC","NATIONAL BANK HOLDINGS CORP CLASS","Financials","Equity","43,354,876.01","0.06","43,354,876.01","1,083,601.00","40.01","United States","NYSE","USD","1.00","USD","-"
"ALG","ALAMO GROUP","Industrials","Equity","43,007,119.02","0.06","43,007,119.02","270,434.00","159.03","United States","NYSE","USD","1.00","USD","-"
"ALNT","ALLIENT INC","Industrials","Equity","42,959,987.28","0.06","42,959,987.28","381,663.00","112.56","United States","NASDAQ","USD","1.00","USD","-"
"HOPE","HOPE BANCORP INC","Financials","Equity","42,901,712.84","0.06","42,901,712.84","3,126,947.00","13.72","United States","NASDAQ","USD","1.00","USD","-"
"NTLA","INTELLIA THERAPEUTICS","Health Care","Equity","42,769,224.96","0.06","42,769,224.96","3,517,206.00","12.16","United States","NASDAQ","USD","1.00","USD","-"
"PAGS","PAGSEGURO DIGITAL LTD CLASS A","Financials","Equity","42,716,780.70","0.06","42,716,780.70","4,735,785.00","9.02","Brazil","NYSE","USD","1.00","USD","-"
"DCOM","DIME COMMERCIAL BANCSHARES","Financials","Equity","42,625,495.12","0.06","42,625,495.12","1,060,072.00","40.21","United States","NYSE","USD","1.00","USD","-"
"XNCR","XENCOR","Health Care","Equity","42,539,378.28","0.06","42,539,378.28","1,781,381.00","23.88","United States","NASDAQ","USD","1.00","USD","-"
"PRGS","PROGRESS SOFTWARE CORP","Information Technology","Equity","42,447,920.13","0.06","42,447,920.13","1,055,131.00","40.23","United States","NASDAQ","USD","1.00","USD","-"
"PRCH","PORCH GROUP","Financials","Equity","42,409,245.33","0.05","42,409,245.33","2,574,939.00","16.47","United States","NASDAQ","USD","1.00","USD","-"
"BLFS","BIOLIFE SOLUTIONS","Health Care","Equity","42,400,345.92","0.05","42,400,345.92","1,099,024.00","38.58","United States","NASDAQ","USD","1.00","USD","-"
"KOS","KOSMOS ENERGY","Energy","Equity","42,332,873.67","0.05","42,332,873.67","15,173,073.00","2.79","United States","NYSE","USD","1.00","USD","-"
"BTDR","BITDEER TECHNOLOGIES GROUP CLASS A","Information Technology","Equity","42,256,266.30","0.05","42,256,266.30","3,477,882.00","12.15","Singapore","NASDAQ","USD","1.00","USD","-"
"QCRH","QCR HOLDINGS INC","Financials","Equity","42,170,977.32","0.05","42,170,977.32","419,946.00","100.42","United States","NASDAQ","USD","1.00","USD","-"
"CENTA","CENTRAL GARDEN AND PET CLASS A","Consumer Staples","Equity","42,025,082.97","0.05","42,025,082.97","1,229,163.00","34.19","United States","NASDAQ","USD","1.00","USD","-"
"IIPR","INNOVATIVE INDUSTRIAL PROPERTIES I","Real Estate","Equity","41,986,849.05","0.05","41,986,849.05","755,295.00","55.59","United States","NYSE","USD","1.00","USD","-"
"SBH","SALLY BEAUTY HOLDINGS","Consumer Discretionary","Equity","41,848,152.00","0.05","41,848,152.00","2,461,656.00","17.00","United States","NYSE","USD","1.00","USD","-"
"MLYS","MINERALYS THERAPEUTICS","Health Care","Equity","41,570,885.77","0.05","41,570,885.77","1,563,403.00","26.59","United States","NASDAQ","USD","1.00","USD","-"
"NVAX","NOVAVAX","Health Care","Equity","41,542,216.20","0.05","41,542,216.20","3,919,077.00","10.60","United States","NASDAQ","USD","1.00","USD","-"
"BLX","BLADEX INC CLASS E","Financials","Equity","41,425,228.86","0.05","41,425,228.86","757,871.00","54.66","Panama","NYSE","USD","1.00","USD","-"
"OBK","ORIGIN BANCORP INC","Financials","Equity","41,300,944.10","0.05","41,300,944.10","774,877.00","53.30","United States","NYSE","USD","1.00","USD","-"
"SFL","SFL","Energy","Equity","41,271,285.88","0.05","41,271,285.88","3,179,606.00","12.98","United States","NYSE","USD","1.00","USD","-"
"VOYG","VOYAGER TECHNOLOGIES CLASS A","Industrials","Equity","41,171,921.60","0.05","41,171,921.60","1,323,856.00","31.10","United States","NYSE","USD","1.00","USD","-"
"WWW","WOLVERINE WORLD WIDE","Consumer Discretionary","Equity","40,986,638.00","0.05","40,986,638.00","2,123,660.00","19.30","United States","NYSE","USD","1.00","USD","-"
"TRVI","TREVI THERAPEUTICS","Health Care","Equity","40,830,076.40","0.05","40,830,076.40","2,782,288.00","14.68","United States","NASDAQ","USD","1.00","USD","-"
"TCBK","TRICO BANCSHARES","Financials","Equity","40,821,183.60","0.05","40,821,183.60","783,516.00","52.10","United States","NASDAQ","USD","1.00","USD","-"
"GRC","GORMAN-RUPP","Industrials","Equity","40,811,677.55","0.05","40,811,677.55","546,707.00","74.65","United States","NYSE","USD","1.00","USD","-"
"SLDE","SLIDE INSURANCE HOLDINGS","Financials","Equity","40,782,359.25","0.05","40,782,359.25","1,731,735.00","23.55","United States","NASDAQ","USD","1.00","USD","-"
"SNDX","SYNDAX PHARMACEUTICALS","Health Care","Equity","40,710,549.81","0.05","40,710,549.81","2,265,473.00","17.97","United States","NASDAQ","USD","1.00","USD","-"
"ETON","ETON PHARMACEUTCIALS INC","Health Care","Equity","40,558,259.34","0.05","40,558,259.34","681,766.00","59.49","United States","NASDAQ","USD","1.00","USD","-"
"NAT","NORDIC AMERICAN TANKERS LTD","Energy","Equity","40,490,514.88","0.05","40,490,514.88","5,285,968.00","7.66","United States","NYSE","USD","1.00","USD","-"
"AI","C3 AI CLASS A","Information Technology","Equity","40,460,031.76","0.05","40,460,031.76","3,760,226.00","10.76","United States","NYSE","USD","1.00","USD","-"
"SRCE","1ST SOURCE","Financials","Equity","40,178,486.79","0.05","40,178,486.79","470,419.00","85.41","United States","NASDAQ","USD","1.00","USD","-"
"HG","HAMILTON INSURANCE GROUP CLASS B","Financials","Equity","40,130,642.34","0.05","40,130,642.34","1,200,438.00","33.43","United States","NYSE","USD","1.00","USD","-"
"INFQ","INFLEQTION INC","Information Technology","Equity","40,046,449.30","0.05","40,046,449.30","2,800,451.00","14.30","United States","NYSE","USD","1.00","USD","-"
"ASTH","ASTRANA HEALTH","Health Care","Equity","40,014,733.92","0.05","40,014,733.92","1,161,868.00","34.44","United States","NASDAQ","USD","1.00","USD","-"
"ALHC","ALIGNMENT HEALTHCARE","Health Care","Equity","39,931,208.85","0.05","39,931,208.85","5,206,155.00","7.67","United States","NASDAQ","USD","1.00","USD","-"
"INVA","INNOVIVA","Health Care","Equity","39,856,445.60","0.05","39,856,445.60","1,929,160.00","20.66","United States","NASDAQ","USD","1.00","USD","-"
"CCS","CENTURY COMMUNITIES INC","Consumer Discretionary","Equity","39,792,778.00","0.05","39,792,778.00","641,819.00","62.00","United States","NYSE","USD","1.00","USD","-"
"HTH","HILLTOP HOLDINGS","Financials","Equity","39,720,437.25","0.05","39,720,437.25","1,035,735.00","38.35","United States","NYSE","USD","1.00","USD","-"
"ABSI","ABSCI CORP","Health Care","Equity","39,694,685.71","0.05","39,694,685.71","3,837,089.00","10.35","United States","NASDAQ","USD","1.00","USD","-"
"HE","HAWAIIAN ELECTRIC INDUSTRIES","Utilities","Equity","39,663,092.70","0.05","39,663,092.70","4,325,310.00","9.17","United States","NYSE","USD","1.00","USD","-"
"BLKB","BLACKBAUD","Information Technology","Equity","39,667,123.45","0.05","39,667,123.45","916,735.00","43.27","United States","NASDAQ","USD","1.00","USD","-"
"CVI","CVR ENERGY INC","Energy","Equity","39,547,170.00","0.05","39,547,170.00","770,900.00","51.30","United States","NYSE","USD","1.00","USD","-"
"EFC","ELLINGTON FINANCIAL","Financials","Equity","39,308,210.85","0.05","39,308,210.85","3,177,705.00","12.37","United States","NYSE","USD","1.00","USD","-"
"GLOB","GLOBANT","Information Technology","Equity","39,291,897.15","0.05","39,291,897.15","1,128,105.00","34.83","United States","NYSE","USD","1.00","USD","-"
"SAFT","SAFETY INSURANCE GROUP INC","Financials","Equity","39,178,431.49","0.05","39,178,431.49","378,499.00","103.51","United States","NASDAQ","USD","1.00","USD","-"
"BFC","BANK FIRST CORP","Financials","Equity","39,142,426.08","0.05","39,142,426.08","260,394.00","150.32","United States","NASDAQ","USD","1.00","USD","-"
"ICFI","ICF INTERNATIONAL","Industrials","Equity","39,043,532.00","0.05","39,043,532.00","470,404.00","83.00","United States","NASDAQ","USD","1.00","USD","-"
"XERS","XERIS BIOPHARMA HOLDINGS","Health Care","Equity","39,006,588.10","0.05","39,006,588.10","4,358,278.00","8.95","United States","NASDAQ","USD","1.00","USD","-"
"CNOB","CONNECTONE BANCORP","Financials","Equity","38,999,273.69","0.05","38,999,273.69","1,262,521.00","30.89","United States","NASDAQ","USD","1.00","USD","-"
"UNIT","UNITI GROUP INC","Communication","Equity","38,993,220.06","0.05","38,993,220.06","4,366,542.00","8.93","United States","NASDAQ","USD","1.00","USD","-"
"RLJ","RLJ LODGING TRUST REIT","Real Estate","Equity","38,843,605.60","0.05","38,843,605.60","3,493,130.00","11.12","United States","NYSE","USD","1.00","USD","-"
"CASH","PATHWARD FINANCIAL INC","Financials","Equity","38,760,004.50","0.05","38,760,004.50","527,347.00","73.50","United States","NASDAQ","USD","1.00","USD","-"
"ANIP","ANI PHARMACEUTICALS","Health Care","Equity","38,711,591.88","0.05","38,711,591.88","522,847.00","74.04","United States","NASDAQ","USD","1.00","USD","-"
"CNXC","CONCENTRIX","Industrials","Equity","38,703,191.37","0.05","38,703,191.37","1,316,883.00","29.39","United States","NASDAQ","USD","1.00","USD","-"
"OMCL","OMNICELL INC","Health Care","Equity","38,508,058.53","0.05","38,508,058.53","1,165,851.00","33.03","United States","NASDAQ","USD","1.00","USD","-"
"JBLU","JETBLUE AIRWAYS","Industrials","Equity","38,400,225.30","0.05","38,400,225.30","8,827,638.00","4.35","United States","NASDAQ","USD","1.00","USD","-"
"MQ","MARQETA CLASS A","Financials","Equity","37,989,699.96","0.05","37,989,699.96","2,310,809.00","16.44","United States","NASDAQ","USD","1.00","USD","-"
"PGEN","PRECIGEN","Health Care","Equity","37,952,483.80","0.05","37,952,483.80","4,928,894.00","7.70","United States","NASDAQ","USD","1.00","USD","-"
"VIA","VIA TRANSPORTATION CLASS A","Information Technology","Equity","37,868,787.30","0.05","37,868,787.30","1,263,135.00","29.98","United States","NYSE","USD","1.00","USD","-"
"GCT","GIGACLOUD TECHNOLOGY INC CLASS A","Consumer Discretionary","Equity","37,823,309.91","0.05","37,823,309.91","701,601.00","53.91","United States","NASDAQ","USD","1.00","USD","-"
"DJT","TRUMP MEDIA TECHNOLOGY GROUP","Communication","Equity","37,772,698.60","0.05","37,772,698.60","4,150,846.00","9.10","United States","NASDAQ","USD","1.00","USD","-"
"HUN","HUNTSMAN CORP","Materials","Equity","37,764,740.70","0.05","37,764,740.70","4,296,330.00","8.79","United States","NYSE","USD","1.00","USD","-"
"OCFC","OCEANFIRST FINANCIAL","Financials","Equity","37,770,124.91","0.05","37,770,124.91","2,238,893.00","16.87","United States","NASDAQ","USD","1.00","USD","-"
"PBI","PITNEY BOWES","Industrials","Equity","37,618,936.56","0.05","37,618,936.56","2,299,446.00","16.36","United States","NYSE","USD","1.00","USD","-"
"APPN","APPIAN CORP CLASS A","Information Technology","Equity","37,588,299.03","0.05","37,588,299.03","999,423.00","37.61","United States","NASDAQ","USD","1.00","USD","-"
"GT","GOODYEAR TIRE & RUBBER","Consumer Discretionary","Equity","37,436,307.09","0.05","37,436,307.09","7,383,887.00","5.07","United States","NASDAQ","USD","1.00","USD","-"
"VIR","VIR BIOTECHNOLOGY","Health Care","Equity","37,370,220.16","0.05","37,370,220.16","3,486,028.00","10.72","United States","NASDAQ","USD","1.00","USD","-"
"NN","NEXTNAV","Information Technology","Equity","37,311,821.85","0.05","37,311,821.85","2,582,133.00","14.45","United States","NASDAQ","USD","1.00","USD","-"
"HCSG","HEALTHCARE SERVICES GROUP","Industrials","Equity","37,264,444.92","0.05","37,264,444.92","1,777,036.00","20.97","United States","NASDAQ","USD","1.00","USD","-"
"OMER","OMEROS","Health Care","Equity","37,085,277.57","0.05","37,085,277.57","1,842,289.00","20.13","United States","NASDAQ","USD","1.00","USD","-"
"MCRI","MONARCH CASINO AND RESORT","Consumer Discretionary","Equity","36,937,726.95","0.05","36,937,726.95","312,899.00","118.05","United States","NASDAQ","USD","1.00","USD","-"
"KMPR","KEMPER","Financials","Equity","36,920,016.00","0.05","36,920,016.00","1,465,080.00","25.20","United States","NYSE","USD","1.00","USD","-"
"AMSC","AMERICAN SUPERCONDUCTOR CORP","Industrials","Equity","36,885,132.18","0.05","36,885,132.18","1,212,529.00","30.42","United States","NASDAQ","USD","1.00","USD","-"
"NUVB","NUVATION BIO CLASS A","Health Care","Equity","36,879,552.06","0.05","36,879,552.06","6,436,222.00","5.73","United States","NYSE","USD","1.00","USD","-"
"AZTA","AZENTA","Health Care","Equity","36,828,748.80","0.05","36,828,748.80","1,076,864.00","34.20","United States","NASDAQ","USD","1.00","USD","-"
"DBD","DIEBOLD NIXDORF INC","Information Technology","Equity","36,786,521.49","0.05","36,786,521.49","588,867.00","62.47","United States","NYSE","USD","1.00","USD","-"
"MBC","MASTERBRAND","Industrials","Equity","36,730,387.98","0.05","36,730,387.98","5,166,018.00","7.11","United States","NYSE","USD","1.00","USD","-"
"LKFN","LAKELAND FINANCIAL CORP","Financials","Equity","36,529,489.70","0.05","36,529,489.70","620,722.00","58.85","United States","NASDAQ","USD","1.00","USD","-"
"AMBQ","AMBIQ MICRO","Information Technology","Equity","36,512,644.36","0.05","36,512,644.36","529,783.00","68.92","United States","NYSE","USD","1.00","USD","-"
"RARE","ULTRAGENYX PHARMACEUTICAL","Health Care","Equity","36,381,360.61","0.05","36,381,360.61","2,463,193.00","14.77","United States","NASDAQ","USD","1.00","USD","-"
"VISN","VISTANCE NETWORKS INC","Information Technology","Equity","36,324,051.05","0.05","36,324,051.05","5,720,323.00","6.35","United States","NASDAQ","USD","1.00","USD","-"
"ADIG","ADI GLOBAL DISTRIBUTION","Information Technology","Equity","36,026,970.54","0.05","36,026,970.54","1,760,849.00","20.46","United States","NYSE","USD","1.00","USD","-"
"SCL","STEPAN","Materials","Equity","35,935,701.78","0.05","35,935,701.78","563,079.00","63.82","United States","NYSE","USD","1.00","USD","-"
"ARLO","ARLO TECHNOLOGIES","Information Technology","Equity","35,864,996.16","0.05","35,864,996.16","2,754,608.00","13.02","United States","NYSE","USD","1.00","USD","-"
"TFIN","TRIUMPH FINANCIAL","Financials","Equity","35,856,227.60","0.05","35,856,227.60","589,256.00","60.85","United States","NYSE","USD","1.00","USD","-"
"ADNT","ADIENT PLC","Consumer Discretionary","Equity","35,648,558.00","0.05","35,648,558.00","2,096,974.00","17.00","United States","NYSE","USD","1.00","USD","-"
"CNMD","CONMED CORP","Health Care","Equity","35,635,499.10","0.05","35,635,499.10","788,745.00","45.18","United States","NYSE","USD","1.00","USD","-"
"STOK","STOKE THERAPEUTICS","Health Care","Equity","35,596,458.99","0.05","35,596,458.99","1,407,531.00","25.29","United States","NASDAQ","USD","1.00","USD","-"
"PEBO","PEOPLES BANCORP INC","Financials","Equity","35,568,351.25","0.05","35,568,351.25","910,375.00","39.07","United States","NASDAQ","USD","1.00","USD","-"
"HLMN","HILLMAN SOLUTIONS","Industrials","Equity","35,571,572.04","0.05","35,571,572.04","5,074,404.00","7.01","United States","NASDAQ","USD","1.00","USD","-"
"XPRO","EXPRO LTD","Energy","Equity","35,546,335.44","0.05","35,546,335.44","2,125,977.00","16.72","United States","NYSE","USD","1.00","USD","-"
"ACT","ENACT HOLDINGS INC","Financials","Equity","35,537,103.00","0.05","35,537,103.00","752,108.00","47.25","United States","NASDAQ","USD","1.00","USD","-"
"ENR","ENERGIZER HOLDINGS INC","Consumer Staples","Equity","35,510,032.20","0.05","35,510,032.20","1,599,551.00","22.20","United States","NYSE","USD","1.00","USD","-"
"LIND","LINDBLAD EXPEDITIONS HOLDINGS","Consumer Discretionary","Equity","35,384,009.22","0.05","35,384,009.22","1,282,959.00","27.58","United States","NASDAQ","USD","1.00","USD","-"
"BBAI","BIGBEAR.AI HOLDINGS","Information Technology","Equity","35,376,261.20","0.05","35,376,261.20","12,634,379.00","2.80","United States","NYSE","USD","1.00","USD","-"
"GENI","GENIUS SPORTS LTD","Consumer Discretionary","Equity","35,272,990.00","0.05","35,272,990.00","6,081,550.00","5.80","United Kingdom","NYSE","USD","1.00","USD","-"
"WABC","WESTAMERICA BANCORPORATION","Financials","Equity","35,261,525.25","0.05","35,261,525.25","589,165.00","59.85","United States","NASDAQ","USD","1.00","USD","-"
"MLKN","MILLERKNOLL","Industrials","Equity","35,247,768.05","0.05","35,247,768.05","1,770,355.00","19.91","United States","NASDAQ","USD","1.00","USD","-"
"LOB","LIVE OAK BANCSHARES","Financials","Equity","35,096,115.44","0.05","35,096,115.44","941,672.00","37.27","United States","NYSE","USD","1.00","USD","-"
"BL","BLACKLINE","Information Technology","Equity","35,046,490.33","0.05","35,046,490.33","1,256,597.00","27.89","United States","NASDAQ","USD","1.00","USD","-"
"TMP","TOMPKINS FINANCIAL CORP","Financials","Equity","34,975,623.90","0.05","34,975,623.90","356,385.00","98.14","United States","Nyse Mkt Llc","USD","1.00","USD","-"
"AMN","AMN HEALTHCARE","Health Care","Equity","34,752,844.80","0.05","34,752,844.80","1,005,580.00","34.56","United States","NYSE","USD","1.00","USD","-"
"BKE","BUCKLE","Consumer Discretionary","Equity","34,563,730.86","0.04","34,563,730.86","832,059.00","41.54","United States","NYSE","USD","1.00","USD","-"
"ALH","ALLIANCE LAUNDRY HOLDINGS","Industrials","Equity","34,556,743.16","0.04","34,556,743.16","1,617,068.00","21.37","United States","NYSE","USD","1.00","USD","-"
"CMPR","CIMPRESS PLC","Industrials","Equity","34,431,258.61","0.04","34,431,258.61","438,001.00","78.61","United States","NASDAQ","USD","1.00","USD","-"
"PNTG","PENNANT GROUP","Health Care","Equity","34,365,828.21","0.04","34,365,828.21","867,167.00","39.63","United States","NASDAQ","USD","1.00","USD","-"
"EFOR","EVERFORTH","Information Technology","Equity","34,169,285.76","0.04","34,169,285.76","1,053,632.00","32.43","United States","NYSE","USD","1.00","USD","-"
"GBX","GREENBRIER","Industrials","Equity","34,109,727.96","0.04","34,109,727.96","799,197.00","42.68","United States","NYSE","USD","1.00","USD","-"
"AMPX","AMPRIUS TECHNOLOGIES INC","Industrials","Equity","34,060,592.25","0.04","34,060,592.25","3,515,025.00","9.69","United States","NYSE","USD","1.00","USD","-"
"MBIN","MERCHANTS BANCORP","Financials","Equity","34,014,944.19","0.04","34,014,944.19","651,253.00","52.23","United States","NASDAQ","USD","1.00","USD","-"
"PRG","PROG HOLDINGS INC","Financials","Equity","33,939,968.42","0.04","33,939,968.42","1,043,023.00","32.54","United States","NYSE","USD","1.00","USD","-"
"AMPL","AMPLITUDE CLASS A","Information Technology","Equity","33,856,355.68","0.04","33,856,355.68","2,473,072.00","13.69","United States","NASDAQ","USD","1.00","USD","-"
"GRDN","GUARDIAN PHARMACY SERVICES CLASS A","Health Care","Equity","33,827,249.82","0.04","33,827,249.82","809,458.00","41.79","United States","NYSE","USD","1.00","USD","-"
"INVX","INNOVEX INTERNATIONAL INC","Energy","Equity","33,808,356.96","0.04","33,808,356.96","1,183,766.00","28.56","United States","NYSE","USD","1.00","USD","-"
"PLGO","PELAGOS INSURANCE CAPITAL LTD","Financials","Equity","33,682,008.00","0.04","33,682,008.00","1,403,417.00","24.00","Bermuda","NYSE","USD","1.00","USD","-"
"KOD","KODIAK SCIENCES","Health Care","Equity","33,571,434.38","0.04","33,571,434.38","1,010,579.00","33.22","United States","NASDAQ","USD","1.00","USD","-"
"DCH","DAUCH CORPORATION","Consumer Discretionary","Equity","33,416,543.88","0.04","33,416,543.88","6,165,414.00","5.42","United States","NYSE","USD","1.00","USD","-"
"DLO","DLOCAL CLASS A","Financials","Equity","33,248,957.04","0.04","33,248,957.04","2,395,458.00","13.88","United States","NASDAQ","USD","1.00","USD","-"
"EYE","NATIONAL VISION HOLDINGS","Consumer Discretionary","Equity","33,212,740.53","0.04","33,212,740.53","2,023,933.00","16.41","United States","NASDAQ","USD","1.00","USD","-"
"VSTS","VESTIS","Industrials","Equity","32,931,421.92","0.04","32,931,421.92","2,379,438.00","13.84","United States","NYSE","USD","1.00","USD","-"
"TSHA","TAYSHA GENE THERAPIES","Health Care","Equity","32,588,367.43","0.04","32,588,367.43","6,803,417.00","4.79","United States","NASDAQ","USD","1.00","USD","-"
"EPC","EDGEWELL PERSONAL CARE","Consumer Staples","Equity","32,554,594.11","0.04","32,554,594.11","1,191,167.00","27.33","United States","NYSE","USD","1.00","USD","-"
"SHLS","SHOALS TECHNOLOGIES GROUP CLASS A","Industrials","Equity","32,456,044.20","0.04","32,456,044.20","4,356,516.00","7.45","United States","NASDAQ","USD","1.00","USD","-"
"SAM","BOSTON BEER CLASS A","Consumer Staples","Equity","32,447,677.50","0.04","32,447,677.50","195,174.00","166.25","United States","NYSE","USD","1.00","USD","-"
"WD","WALKER & DUNLOP INC","Financials","Equity","32,427,688.02","0.04","32,427,688.02","869,142.00","37.31","United States","NYSE","USD","1.00","USD","-"
"REX","REX AMERICAN RESOURCES","Energy","Equity","32,364,091.52","0.04","32,364,091.52","747,784.00","43.28","United States","NYSE","USD","1.00","USD","-"
"USPH","US PHYSICAL THERAPY INC","Health Care","Equity","32,331,862.56","0.04","32,331,862.56","386,006.00","83.76","United States","NYSE","USD","1.00","USD","-"
"HLF","HERBALIFE LTD","Consumer Staples","Equity","32,227,342.62","0.04","32,227,342.62","2,639,422.00","12.21","United States","NYSE","USD","1.00","USD","-"
"CTBI","COMMUNITY TRUST BANCORP","Financials","Equity","32,137,235.34","0.04","32,137,235.34","426,846.00","75.29","United States","NASDAQ","USD","1.00","USD","-"
"OSBC","OLD SECOND BANCORP INC","Financials","Equity","32,138,524.48","0.04","32,138,524.48","1,294,864.00","24.82","United States","NASDAQ","USD","1.00","USD","-"
"UMH","UMH PROPERTIES INC","Real Estate","Equity","31,989,002.60","0.04","31,989,002.60","2,088,055.00","15.32","United States","NYSE","USD","1.00","USD","-"
"PBLS","PARABILIS MEDICINES INC","Health Care","Equity","31,984,963.14","0.04","31,984,963.14","985,062.00","32.47","United States","NASDAQ","USD","1.00","USD","-"
"IMKTA","INGLES MARKETS CLASS A","Consumer Staples","Equity","31,844,971.21","0.04","31,844,971.21","378,611.00","84.11","United States","NASDAQ","USD","1.00","USD","-"
"SLVM","SYLVAMO CORP","Materials","Equity","31,814,567.16","0.04","31,814,567.16","884,721.00","35.96","United States","NYSE","USD","1.00","USD","-"
"RUM","RUM GROUP CLASS A","Communication","Equity","31,661,433.20","0.04","31,661,433.20","3,681,562.00","8.60","United States","NASDAQ","USD","1.00","USD","-"
"APPS","DIGITAL TURBINE","Information Technology","Equity","31,540,032.00","0.04","31,540,032.00","2,898,900.00","10.88","United States","NASDAQ","USD","1.00","USD","-"
"FSUN","FIRSTSUN CAPITAL BANCORP","Financials","Equity","31,530,517.20","0.04","31,530,517.20","803,530.00","39.24","United States","NASDAQ","USD","1.00","USD","-"
"ZYME","ZYMEWORKS","Health Care","Equity","31,370,166.52","0.04","31,370,166.52","1,170,092.00","26.81","United States","NASDAQ","USD","1.00","USD","-"
"ATEC","ALPHATEC HOLDNGS","Health Care","Equity","31,305,843.52","0.04","31,305,843.52","3,155,831.00","9.92","United States","NASDAQ","USD","1.00","USD","-"
"NSSC","NAPCO SECURITY TECHNOLOGIES","Information Technology","Equity","31,295,712.96","0.04","31,295,712.96","877,122.00","35.68","United States","NASDAQ","USD","1.00","USD","-"
"FMC","FMC CORP","Materials","Equity","31,168,669.98","0.04","31,168,669.98","3,250,122.00","9.59","United States","NYSE","USD","1.00","USD","-"
"ORC","ORCHID ISLAND CAPITAL INC","Financials","Equity","31,156,095.90","0.04","31,156,095.90","5,399,670.00","5.77","United States","NYSE","USD","1.00","USD","-"
"DEI","DOUGLAS EMMETT REIT","Real Estate","Equity","31,102,056.15","0.04","31,102,056.15","3,216,345.00","9.67","United States","NYSE","USD","1.00","USD","-"
"FMBH","FIRST MID BANCSHARES INC","Financials","Equity","31,061,568.56","0.04","31,061,568.56","628,904.00","49.39","United States","NASDAQ","USD","1.00","USD","-"
"STUB","STUBHUB HOLDINGS INC CLASS A","Communication","Equity","31,005,134.16","0.04","31,005,134.16","5,752,344.00","5.39","United States","NYSE","USD","1.00","USD","-"
"IE","IVANHOE ELECTRIC","Materials","Equity","30,864,764.34","0.04","30,864,764.34","3,089,566.00","9.99","United States","Nyse Mkt Llc","USD","1.00","USD","-"
"NBR","NABORS INDUSTRIES","Energy","Equity","30,811,946.27","0.04","30,811,946.27","371,273.00","82.99","United States","NYSE","USD","1.00","USD","-"
"BJRI","BJS RESTAURANTS INC","Consumer Discretionary","Equity","30,734,886.24","0.04","30,734,886.24","496,044.00","61.96","United States","NASDAQ","USD","1.00","USD","-"
"PSNL","PERSONALIS","Health Care","Equity","30,718,973.87","0.04","30,718,973.87","1,853,891.00","16.57","United States","NASDAQ","USD","1.00","USD","-"
"UVSP","UNIVEST FINANCIAL CORP","Financials","Equity","30,666,797.49","0.04","30,666,797.49","733,831.00","41.79","United States","NASDAQ","USD","1.00","USD","-"
"GBTG","GLOBAL BUSINESS TRAVEL GROUP CLASS","Consumer Discretionary","Equity","30,668,206.73","0.04","30,668,206.73","3,238,459.00","9.47","United States","NYSE","USD","1.00","USD","-"
"BHRB","BURKE HERBERT FINANCIAL SERVICES C","Financials","Equity","30,638,503.06","0.04","30,638,503.06","441,859.00","69.34","United States","NASDAQ","USD","1.00","USD","-"
"HLIT","HARMONIC","Information Technology","Equity","30,642,278.70","0.04","30,642,278.70","2,799,660.00","10.95","United States","NASDAQ","USD","1.00","USD","-"
"DFIN","DONNELLEY FINANCIAL SOLUTIONS","Financials","Equity","30,612,526.66","0.04","30,612,526.66","621,953.00","49.22","United States","NYSE","USD","1.00","USD","-"
"USLM","UNITED STATES LIME AND MINERALS IN","Materials","Equity","30,586,829.12","0.04","30,586,829.12","279,536.00","109.42","United States","NASDAQ","USD","1.00","USD","-"
"HFWA","HERITAGE FINANCIAL CORP","Financials","Equity","30,587,715.75","0.04","30,587,715.75","1,082,751.00","28.25","United States","NASDAQ","USD","1.00","USD","-"
"MYE","MYERS INDUSTRIES INC","Materials","Equity","30,574,326.60","0.04","30,574,326.60","966,930.00","31.62","United States","NYSE","USD","1.00","USD","-"
"TRAX","FIRST TRACKS BIOTHERAPEUTICS INC","Health Care","Equity","30,580,080.91","0.04","30,580,080.91","853,477.00","35.83","United States","NASDAQ","USD","1.00","USD","-"
"FUN","SIX FLAGS ENTERTAINMENT CORP","Consumer Discretionary","Equity","30,540,852.80","0.04","30,540,852.80","2,462,972.00","12.40","United States","NYSE","USD","1.00","USD","-"
"ROCK","GIBRALTAR INDUSTRIES","Industrials","Equity","30,435,608.00","0.04","30,435,608.00","766,640.00","39.70","United States","NASDAQ","USD","1.00","USD","-"
"UFCS","UNITED FIRE GROUP INC","Financials","Equity","30,433,728.00","0.04","30,433,728.00","569,600.00","53.43","United States","NASDAQ","USD","1.00","USD","-"
"SCSC","SCANSOURCE","Information Technology","Equity","30,398,077.11","0.04","30,398,077.11","523,473.00","58.07","United States","NASDAQ","USD","1.00","USD","-"
"WS","WORTHINGTON STEEL INC","Materials","Equity","30,385,462.28","0.04","30,385,462.28","856,411.00","35.48","United States","NYSE","USD","1.00","USD","-"
"WLDN","WILLDAN GROUP","Industrials","Equity","30,357,902.31","0.04","30,357,902.31","381,237.00","79.63","United States","NASDAQ","USD","1.00","USD","-"
"LZB","LA-Z-BOY INC","Consumer Discretionary","Equity","30,277,384.53","0.04","30,277,384.53","1,012,283.00","29.91","United States","NYSE","USD","1.00","USD","-"
"FIGS","FIGS CLASS A","Consumer Discretionary","Equity","30,277,758.40","0.04","30,277,758.40","2,424,160.00","12.49","United States","NYSE","USD","1.00","USD","-"
"CBRL","CRACKER BARREL OLD COUNTRY STORE I","Consumer Discretionary","Equity","30,187,313.28","0.04","30,187,313.28","582,317.00","51.84","United States","NASDAQ","USD","1.00","USD","-"
"PUMP","PROPETRO HOLDING","Energy","Equity","30,135,575.40","0.04","30,135,575.40","3,162,180.00","9.53","United States","NYSE","USD","1.00","USD","-"
"WMK","WEIS MARKETS","Consumer Staples","Equity","29,919,347.15","0.04","29,919,347.15","413,765.00","72.31","United States","NYSE","USD","1.00","USD","-"
"BY","BYLINE BANCORP INC","Financials","Equity","29,797,363.17","0.04","29,797,363.17","802,947.00","37.11","United States","NYSE","USD","1.00","USD","-"
"JJSF","J AND J SNACK FOODS CORP","Consumer Staples","Equity","29,733,749.36","0.04","29,733,749.36","385,252.00","77.18","United States","NASDAQ","USD","1.00","USD","-"
"ARX","ACCELERANT HOLDINGS CLASS A","Financials","Equity","29,636,313.42","0.04","29,636,313.42","1,501,333.00","19.74","United States","NYSE","USD","1.00","USD","-"
"EOSE","EOS ENERGY ENTERPRISES CLASS A","Industrials","Equity","29,612,766.70","0.04","29,612,766.70","9,125,660.00","3.25","United States","NASDAQ","USD","1.00","USD","-"
"PDM","PIEDMONT REALTY TRUST CLASS A","Real Estate","Equity","29,583,869.03","0.04","29,583,869.03","3,219,137.00","9.19","United States","NYSE","USD","1.00","USD","-"
"HOS","HORNBECK OFFSHORE SERVICES","Energy","Equity","29,555,868.40","0.04","29,555,868.40","3,560,948.00","8.30","United States","NYSE","USD","1.00","USD","-"
"HYMC","HYCROFT MINING HOLDING CORP CLASS","Materials","Equity","29,454,147.96","0.04","29,454,147.96","1,409,964.00","20.89","United States","NASDAQ","USD","1.00","USD","-"
"COUR","COURSERA","Consumer Discretionary","Equity","29,421,602.76","0.04","29,421,602.76","5,814,546.00","5.06","United States","NYSE","USD","1.00","USD","-"
"XPEL","XPEL","Consumer Discretionary","Equity","29,422,618.75","0.04","29,422,618.75","672,517.00","43.75","United States","NASDAQ","USD","1.00","USD","-"
"HOG","HARLEY DAVIDSON","Consumer Discretionary","Equity","29,276,416.40","0.04","29,276,416.40","1,147,195.00","25.52","United States","NYSE","USD","1.00","USD","-"
"LNN","LINDSAY","Industrials","Equity","29,255,243.72","0.04","29,255,243.72","259,447.00","112.76","United States","NYSE","USD","1.00","USD","-"
"TPB","TURNING POINT BRANDS","Consumer Staples","Equity","29,156,997.60","0.04","29,156,997.60","484,980.00","60.12","United States","NYSE","USD","1.00","USD","-"
"AVBP","ARRIVENT BIOPHARMA","Health Care","Equity","29,120,034.30","0.04","29,120,034.30","967,443.00","30.10","United States","NASDAQ","USD","1.00","USD","-"
"SGRY","SURGERY PARTNERS","Health Care","Equity","28,904,980.40","0.04","28,904,980.40","2,035,562.00","14.20","United States","NASDAQ","USD","1.00","USD","-"
"DLX","DELUXE","Industrials","Equity","28,850,690.40","0.04","28,850,690.40","1,187,760.00","24.29","United States","NYSE","USD","1.00","USD","-"
"TNC","TENNANT","Industrials","Equity","28,708,324.95","0.04","28,708,324.95","433,595.00","66.21","United States","NYSE","USD","1.00","USD","-"
"IDT","IDT CLASS B","Communication","Equity","28,694,835.00","0.04","28,694,835.00","423,540.00","67.75","United States","NYSE","USD","1.00","USD","-"
"VTOL","BRISTOW GROUP","Energy","Equity","28,663,495.20","0.04","28,663,495.20","677,624.00","42.30","United States","NYSE","USD","1.00","USD","-"
"FLO","FLOWERS FOODS INC","Consumer Staples","Equity","28,552,588.47","0.04","28,552,588.47","4,914,387.00","5.81","United States","NYSE","USD","1.00","USD","-"
"TDOC","TELADOC HEALTH INC","Health Care","Equity","28,535,312.30","0.04","28,535,312.30","4,647,445.00","6.14","United States","NYSE","USD","1.00","USD","-"
"PD","PAGERDUTY","Information Technology","Equity","28,528,158.10","0.04","28,528,158.10","1,908,238.00","14.95","United States","NYSE","USD","1.00","USD","-"
"CRK","COMSTOCK RESOURCES","Energy","Equity","28,476,400.22","0.04","28,476,400.22","2,060,521.00","13.82","United States","NYSE","USD","1.00","USD","-"
"NEXT","NEXTDECADE","Energy","Equity","28,474,539.59","0.04","28,474,539.59","4,272,249.00","6.67","United States","NASDAQ","USD","1.00","USD","-"
"ECVT","ECOVYST","Materials","Equity","28,346,552.52","0.04","28,346,552.52","2,795,518.00","10.14","United States","NYSE","USD","1.00","USD","-"
"UVE","UNIVERSAL INSURANCE HOLDINGS INC","Financials","Equity","28,244,760.11","0.04","28,244,760.11","664,739.00","42.49","United States","NYSE","USD","1.00","USD","-"
"CRI","CARTERS","Consumer Discretionary","Equity","28,124,703.10","0.04","28,124,703.10","929,435.00","30.26","United States","NYSE","USD","1.00","USD","-"
"UVV","UNIVERSAL","Consumer Staples","Equity","27,974,921.87","0.04","27,974,921.87","654,997.00","42.71","United States","NYSE","USD","1.00","USD","-"
"UMAC","UNUSUAL MACHINES INC","Information Technology","Equity","27,925,831.40","0.04","27,925,831.40","1,166,980.00","23.93","United States","Nyse Mkt Llc","USD","1.00","USD","-"
"AAT","AMERICAN ASSETS TRUST REIT","Real Estate","Equity","27,857,487.00","0.04","27,857,487.00","1,296,300.00","21.49","United States","NYSE","USD","1.00","USD","Jan 01, 1970"
"THRM","GENTHERM","Consumer Discretionary","Equity","27,797,086.35","0.04","27,797,086.35","820,215.00","33.89","United States","NASDAQ","USD","1.00","USD","-"
"PLPC","PREFORMED LINE PRODUCTS","Industrials","Equity","27,781,845.52","0.04","27,781,845.52","64,636.00","429.82","United States","NASDAQ","USD","1.00","USD","-"
"IART","INTEGRA LIFESCIENCES HOLDINGS","Health Care","Equity","27,686,668.84","0.04","27,686,668.84","1,743,493.00","15.88","United States","NASDAQ","USD","1.00","USD","-"
"AVAH","AVEANNA HEALTHCARE HOLDINGS INC","Health Care","Equity","27,434,377.12","0.04","27,434,377.12","2,216,024.00","12.38","United States","NASDAQ","USD","1.00","USD","-"
"MBWM","MERCANTILE BANK CORP","Financials","Equity","27,334,976.64","0.04","27,334,976.64","459,257.00","59.52","United States","NASDAQ","USD","1.00","USD","-"
"HROW","HARROW","Health Care","Equity","27,327,988.90","0.04","27,327,988.90","825,619.00","33.10","United States","NASDAQ","USD","1.00","USD","-"
"TRS","TRIMAS","Materials","Equity","27,278,822.16","0.04","27,278,822.16","691,128.00","39.47","United States","NASDAQ","USD","1.00","USD","-"
"SNDA","SONIDA SENIOR LIVING","Health Care","Equity","27,240,534.85","0.04","27,240,534.85","725,447.00","37.55","United States","NYSE","USD","1.00","USD","-"
"GO","GROCERY OUTLET HOLDING","Consumer Staples","Equity","27,186,579.60","0.04","27,186,579.60","2,405,892.00","11.30","United States","NASDAQ","USD","1.00","USD","-"
"RYZ","RYERSON HOLDING","Materials","Equity","27,143,954.62","0.04","27,143,954.62","1,145,798.00","23.69","United States","NYSE","USD","1.00","USD","-"
"TNDM","TANDEM DIABETES CARE","Health Care","Equity","27,090,032.34","0.04","27,090,032.34","1,779,897.00","15.22","United States","NASDAQ","USD","1.00","USD","-"
"CBL","CBL ASSOCIATES PROPERTIES","Real Estate","Equity","27,061,113.82","0.04","27,061,113.82","517,322.00","52.31","United States","NYSE","USD","1.00","USD","-"
"WEN","WENDYS","Consumer Discretionary","Equity","26,981,673.18","0.03","26,981,673.18","4,147,836.00","6.50","United States","NASDAQ","USD","1.00","USD","-"
"CSTL","CASTLE BIOSCIENCES","Health Care","Equity","26,953,358.22","0.03","26,953,358.22","765,938.00","35.19","United States","NASDAQ","USD","1.00","USD","-"
"ENOV","ENOVIS CORP","Health Care","Equity","26,925,174.99","0.03","26,925,174.99","1,473,737.00","18.27","United States","NYSE","USD","1.00","USD","-"
"CERT","CERTARA","Health Care","Equity","26,844,092.87","0.03","26,844,092.87","3,019,583.00","8.89","United States","NASDAQ","USD","1.00","USD","-"
"AORT","ARTIVION","Health Care","Equity","26,828,913.65","0.03","26,828,913.65","1,164,955.00","23.03","United States","NYSE","USD","1.00","USD","-"
"UTZ","UTZ BRANDS CLASS A","Consumer Staples","Equity","26,812,823.52","0.03","26,812,823.52","1,882,923.00","14.24","United States","NYSE","USD","1.00","USD","-"
"CFFN","CAPITOL FEDERAL FINANCIAL INC","Financials","Equity","26,766,076.86","0.03","26,766,076.86","3,090,771.00","8.66","United States","NASDAQ","USD","1.00","USD","Jan 01, 1970"
"LADR","LADDER CAPITAL CORP CLASS A","Financials","Equity","26,750,442.87","0.03","26,750,442.87","2,942,843.00","9.09","United States","NYSE","USD","1.00","USD","-"
"HZO","MARINEMAX INC","Consumer Discretionary","Equity","26,742,674.19","0.03","26,742,674.19","510,259.00","52.41","United States","NYSE","USD","1.00","USD","-"
"GPRE","GREEN PLAINS","Energy","Equity","26,688,590.54","0.03","26,688,590.54","1,778,054.00","15.01","United States","NASDAQ","USD","1.00","USD","-"
"TH","TARGET HOSPITALITY","Consumer Discretionary","Equity","26,678,566.20","0.03","26,678,566.20","1,243,756.00","21.45","United States","NASDAQ","USD","1.00","USD","-"
"NP","NEPTUNE INSURANCE HOLDINGS CLASS A","Financials","Equity","26,666,752.30","0.03","26,666,752.30","984,013.00","27.10","United States","NYSE","USD","1.00","USD","-"
"ANAB","ANAPTYSBIO","Health Care","Equity","26,638,580.10","0.03","26,638,580.10","515,253.00","51.70","United States","NASDAQ","USD","1.00","USD","-"
"MNKD","MANNKIND","Health Care","Equity","26,579,903.42","0.03","26,579,903.42","8,078,998.00","3.29","United States","NASDAQ","USD","1.00","USD","-"
"DOLE","DOLE PLC","Consumer Staples","Equity","26,553,024.60","0.03","26,553,024.60","2,058,374.00","12.90","United States","NYSE","USD","1.00","USD","-"
"RAPP","RAPPORT THERAPEUTICS","Health Care","Equity","26,497,144.52","0.03","26,497,144.52","783,244.00","33.83","United States","NASDAQ","USD","1.00","USD","-"
"VYX","NCR VOYIX","Information Technology","Equity","26,449,018.47","0.03","26,449,018.47","3,741,021.00","7.07","United States","NYSE","USD","1.00","USD","-"
"MSFUT","CASH COLLATERAL MSFUT USD","Cash and/or Derivatives","Cash Collateral and Margins","26,437,000.00","0.03","26,437,000.00","26,437,000.00","100.00","United States","-","USD","1.00","USD","Feb 01, 2009"
"LQDT","LIQUIDITY SERVICES INC","Industrials","Equity","26,349,704.37","0.03","26,349,704.37","607,206.00","43.40","United States","NASDAQ","USD","1.00","USD","-"
"CRAI","CRA INTERNATIONAL INC","Industrials","Equity","26,338,290.84","0.03","26,338,290.84","162,012.00","162.57","United States","NASDAQ","USD","1.00","USD","-"
"NUTX","NUTEX HEALTH INC","Health Care","Equity","26,294,111.39","0.03","26,294,111.39","128,521.00","204.59","United States","NASDAQ","USD","1.00","USD","-"
"DMC","DEL MONTE","Consumer Staples","Equity","26,164,216.62","0.03","26,164,216.62","857,562.00","30.51","United States","NYSE","USD","1.00","USD","-"
"PRSU","PURSUIT ATTRACTIONS AND HOSPITALIT","Consumer Discretionary","Equity","26,127,615.64","0.03","26,127,615.64","539,381.00","48.44","United States","NYSE","USD","1.00","USD","-"
"CCNE","CNB FINANCIAL CORP","Financials","Equity","26,116,634.25","0.03","26,116,634.25","770,175.00","33.91","United States","NASDAQ","USD","1.00","USD","-"
"GSHD","GOOSEHEAD INSURANCE CLASS A","Financials","Equity","26,100,910.35","0.03","26,100,910.35","597,959.00","43.65","United States","NASDAQ","USD","1.00","USD","-"
"DEA","EASTERLY GOVERNMENT PROPERTIES INC","Real Estate","Equity","26,049,778.02","0.03","26,049,778.02","1,147,062.00","22.71","United States","NYSE","USD","1.00","USD","-"
"PWP","PERELLA WEINBERG PARTNERS CLASS A","Financials","Equity","26,051,114.95","0.03","26,051,114.95","1,886,395.00","13.81","United States","NASDAQ","USD","1.00","USD","-"
"BORR","BORR DRILLING","Energy","Equity","26,051,297.28","0.03","26,051,297.28","6,115,328.00","4.26","Norway","NYSE","USD","1.00","USD","-"
"REPL","REPLIMUNE GROUP","Health Care","Equity","25,902,374.40","0.03","25,902,374.40","2,055,744.00","12.60","United States","NASDAQ","USD","1.00","USD","-"
"LGIH","LGI HOMES","Consumer Discretionary","Equity","25,891,655.91","0.03","25,891,655.91","528,509.00","48.99","United States","NASDAQ","USD","1.00","USD","-"
"LILAK","LIBERTY LATIN AMERICA CLASS C","Communication","Equity","25,876,027.80","0.03","25,876,027.80","3,026,436.00","8.55","United States","NASDAQ","USD","1.00","USD","-"
"PCRX","PACIRA BIOSCIENCES","Health Care","Equity","25,822,015.56","0.03","25,822,015.56","1,010,251.00","25.56","United States","NASDAQ","USD","1.00","USD","-"
"MCB","METROPOLITAN BANK HOLDING CORP","Financials","Equity","25,811,549.82","0.03","25,811,549.82","291,261.00","88.62","United States","NYSE","USD","1.00","USD","-"
"AMTB","AMERANT BANCORP CLASS A","Financials","Equity","25,720,975.70","0.03","25,720,975.70","877,849.00","29.30","United States","NYSE","USD","1.00","USD","-"
"CAC","CAMDEN NATIONAL CORP","Financials","Equity","25,673,792.10","0.03","25,673,792.10","451,209.00","56.90","United States","NASDAQ","USD","1.00","USD","-"
"REAL","THE REALREAL","Consumer Discretionary","Equity","25,520,194.07","0.03","25,520,194.07","2,870,663.00","8.89","United States","NASDAQ","USD","1.00","USD","-"
"CSQR","CSQUARE INC","Information Technology","Equity","25,387,960.05","0.03","25,387,960.05","1,463,283.00","17.35","United States","NYSE","USD","1.00","USD","-"
"GIII","G III APPAREL GROUP LTD","Consumer Discretionary","Equity","25,376,795.20","0.03","25,376,795.20","938,144.00","27.05","United States","NASDAQ","USD","1.00","USD","-"
"UTI","UNIVERSAL TECHNICAL INSTITUTE","Consumer Discretionary","Equity","25,299,377.22","0.03","25,299,377.22","1,223,966.00","20.67","United States","NYSE","USD","1.00","USD","-"
"ZBIO","ZENAS BIOPHARMA","Health Care","Equity","25,277,560.00","0.03","25,277,560.00","919,184.00","27.50","United States","NASDAQ","USD","1.00","USD","-"
"BFST","BUSINESS FIRST BANCSHARES INC","Financials","Equity","25,282,002.00","0.03","25,282,002.00","825,400.00","30.63","United States","NASDAQ","USD","1.00","USD","-"
"NBN","NORTHEAST BANK","Financials","Equity","25,224,562.83","0.03","25,224,562.83","194,379.00","129.77","United States","NASDAQ","USD","1.00","USD","-"
"ORIC","ORIC PHARMACEUTICALS","Health Care","Equity","25,185,596.10","0.03","25,185,596.10","1,910,895.00","13.18","United States","NASDAQ","USD","1.00","USD","-"
"CNXN","PC CONNECTION INC","Information Technology","Equity","25,185,627.42","0.03","25,185,627.42","282,921.00","89.02","United States","NASDAQ","USD","1.00","USD","-"
"BRSL","BRIGHTSTAR LOTTERY PLC","Consumer Discretionary","Equity","25,110,440.76","0.03","25,110,440.76","2,578,074.00","9.74","United States","NYSE","USD","1.00","USD","-"
"MUX","MCEWEN INC","Materials","Equity","25,082,062.92","0.03","25,082,062.92","1,344,162.00","18.66","United States","NYSE","USD","1.00","USD","-"
"MSEX","MIDDLESEX WATER","Utilities","Equity","25,069,763.29","0.03","25,069,763.29","473,819.00","52.91","United States","NASDAQ","USD","1.00","USD","-"
"GHM","GRAHAM CORP","Industrials","Equity","25,048,810.22","0.03","25,048,810.22","286,174.00","87.53","United States","NYSE","USD","1.00","USD","-"
"PLSE","PULSE BIOSCIENCES INC","Health Care","Equity","25,040,679.73","0.03","25,040,679.73","483,131.00","51.83","United States","NASDAQ","USD","1.00","USD","-"
"HBNC","HORIZON BANCORP INC","Financials","Equity","25,041,334.38","0.03","25,041,334.38","1,302,879.00","19.22","United States","NASDAQ","USD","1.00","USD","-"
"FLNG","FLEX LNG","Energy","Equity","25,013,587.04","0.03","25,013,587.04","805,072.00","31.07","Norway","NYSE","USD","1.00","USD","-"
"UPWK","UPWORK","Industrials","Equity","25,016,305.98","0.03","25,016,305.98","3,099,914.00","8.07","United States","NASDAQ","USD","1.00","USD","-"
"PRCT","PROCEPT BIOROBOTICS","Health Care","Equity","25,003,685.00","0.03","25,003,685.00","1,428,782.00","17.50","United States","NASDAQ","USD","1.00","USD","-"
"DEC","DIVERSIFIED ENERGY COMPANY","Energy","Equity","24,782,022.25","0.03","24,782,022.25","1,763,845.00","14.05","United States","NYSE","USD","1.00","USD","-"
"ATEX","ANTERIX","Communication","Equity","24,760,755.84","0.03","24,760,755.84","304,448.00","81.33","United States","NASDAQ","USD","1.00","USD","-"
"NWPX","NWPX INFRASTRUCTURE","Industrials","Equity","24,745,302.54","0.03","24,745,302.54","244,181.00","101.34","United States","NASDAQ","USD","1.00","USD","-"
"TRIP","TRIPADVISOR","Communication","Equity","24,737,964.84","0.03","24,737,964.84","2,903,517.00","8.52","United States","NASDAQ","USD","1.00","USD","-"
"GTM","ZOOMINFO TECHNOLOGIES","Communication","Equity","24,733,345.84","0.03","24,733,345.84","6,309,527.00","3.92","United States","NASDAQ","USD","1.00","USD","-"
"YELP","YELP","Communication","Equity","24,724,440.18","0.03","24,724,440.18","1,345,914.00","18.37","United States","NYSE","USD","1.00","USD","-"
"DMRA","DAMORA THERAPEUTICS INC","Health Care","Equity","24,542,733.57","0.03","24,542,733.57","1,210,791.00","20.27","United States","NASDAQ","USD","1.00","USD","-"
"INBX","INHIBRX BIOSCIENCES INC","Health Care","Equity","24,548,703.60","0.03","24,548,703.60","244,509.00","100.40","United States","NASDAQ","USD","1.00","USD","-"
"CEVA","CEVA","Information Technology","Equity","24,489,791.58","0.03","24,489,791.58","710,673.00","34.46","United States","NASDAQ","USD","1.00","USD","-"
"NPKI","NPK INTERNATIONAL","Industrials","Equity","24,479,189.28","0.03","24,479,189.28","2,095,821.00","11.68","United States","NYSE","USD","1.00","USD","-"
"WLTH","WEALTHFRONT","Financials","Equity","24,410,195.95","0.03","24,410,195.95","2,395,505.00","10.19","United States","NASDAQ","USD","1.00","USD","-"
"TRST","TRUSTCO BANK CORP","Financials","Equity","24,285,005.00","0.03","24,285,005.00","431,350.00","56.30","United States","NASDAQ","USD","1.00","USD","-"
"CSR","CENTERSPACE","Real Estate","Equity","24,242,415.21","0.03","24,242,415.21","439,413.00","55.17","United States","NYSE","USD","1.00","USD","-"
"AGL","AGILON HEALTH","Health Care","Equity","24,207,059.24","0.03","24,207,059.24","319,228.00","75.83","United States","NYSE","USD","1.00","USD","-"
"WOLF","WOLFSPEED INC","Information Technology","Equity","24,197,998.80","0.03","24,197,998.80","920,076.00","26.30","United States","NYSE","USD","1.00","USD","-"
"COTY","COTY INC CLASS A","Consumer Staples","Equity","24,185,774.56","0.03","24,185,774.56","9,196,112.00","2.63","United States","NYSE","USD","1.00","USD","-"
"ASTE","ASTEC INDUSTRIES","Industrials","Equity","24,004,560.69","0.03","24,004,560.69","591,391.00","40.59","United States","NASDAQ","USD","1.00","USD","-"
"OMDA","OMADA HEALTH","Health Care","Equity","24,001,527.52","0.03","24,001,527.52","1,217,116.00","19.72","United States","NASDAQ","USD","1.00","USD","-"
"PTRN","PATTERN GROUP SERIES A","Consumer Discretionary","Equity","23,990,372.64","0.03","23,990,372.64","1,337,256.00","17.94","United States","NASDAQ","USD","1.00","USD","-"
"CGEM","CULLINAN THERAPEUTICS","Health Care","Equity","23,920,790.56","0.03","23,920,790.56","1,549,274.00","15.44","United States","NASDAQ","USD","1.00","USD","-"
"RCAT","RED CAT HOLDINGS INC","Industrials","Equity","23,818,128.80","0.03","23,818,128.80","3,502,666.00","6.80","United States","NASDAQ","USD","1.00","USD","-"
"ESQ","ESQUIRE FINANCIAL HOLDINGS INC","Financials","Equity","23,813,441.46","0.03","23,813,441.46","193,338.00","123.17","United States","NASDAQ","USD","1.00","USD","-"
"PLOW","DOUGLAS DYNAMICS INC","Industrials","Equity","23,772,405.77","0.03","23,772,405.77","598,349.00","39.73","United States","NYSE","USD","1.00","USD","-"
"SMP","STANDARD MOTOR PRODUCTS INC","Consumer Discretionary","Equity","23,767,563.04","0.03","23,767,563.04","636,688.00","37.33","United States","NYSE","USD","1.00","USD","-"
"MAZE","MAZE THERAPEUTICS","Health Care","Equity","23,630,726.32","0.03","23,630,726.32","901,592.00","26.21","United States","NASDAQ","USD","1.00","USD","-"
"ODC","OIL DRI CORPORATION OF AMERICA","Consumer Staples","Equity","23,606,425.40","0.03","23,606,425.40","254,929.00","92.60","United States","NYSE","USD","1.00","USD","-"
"FMNB","FARMERS NATIONAL BANC CORP","Financials","Equity","23,591,677.46","0.03","23,591,677.46","1,537,919.00","15.34","United States","NASDAQ","USD","1.00","USD","-"
"KURA","KURA ONCOLOGY","Health Care","Equity","23,573,954.04","0.03","23,573,954.04","2,170,714.00","10.86","United States","NASDAQ","USD","1.00","USD","-"
"CCO","CLEAR CHANNEL OUTDOOR HOLDINGS INC","Communication","Equity","23,482,936.65","0.03","23,482,936.65","9,992,739.00","2.35","United States","NYSE","USD","1.00","USD","-"
"TGLS","TECNOGLASS HOLDINGS","Industrials","Equity","23,452,565.22","0.03","23,452,565.22","674,118.00","34.79","United States","NYSE","USD","1.00","USD","-"
"UAA","UNDER ARMOUR INC CLASS A","Consumer Discretionary","Equity","23,432,746.50","0.03","23,432,746.50","5,207,277.00","4.50","United States","NYSE","USD","1.00","USD","-"
"UPBD","UPBOUND GROUP","Consumer Discretionary","Equity","23,381,985.15","0.03","23,381,985.15","1,473,345.00","15.87","United States","NASDAQ","USD","1.00","USD","-"
"HAFC","HANMI FINANCIAL CORP","Financials","Equity","23,340,270.57","0.03","23,340,270.57","733,279.00","31.83","United States","NASDAQ","USD","1.00","USD","-"
"AESI","ATLAS ENERGY SOLUTIONS","Energy","Equity","23,279,039.98","0.03","23,279,039.98","2,118,202.00","10.99","United States","NYSE","USD","1.00","USD","-"
"SBSI","SOUTHSIDE BANCSHARES INC","Financials","Equity","23,266,494.90","0.03","23,266,494.90","752,961.00","30.90","United States","NYSE","USD","1.00","USD","-"
"BRBR","BELLRING BRANDS","Consumer Staples","Equity","23,247,938.91","0.03","23,247,938.91","3,023,139.00","7.69","United States","NYSE","USD","1.00","USD","-"
"RDVT","RED VIOLET INC","Information Technology","Equity","23,193,436.90","0.03","23,193,436.90","293,365.00","79.06","United States","NASDAQ","USD","1.00","USD","-"
"THFF","FIRST FINANCIAL CORPORATION CORP","Financials","Equity","23,188,520.72","0.03","23,188,520.72","308,276.00","75.22","United States","NASDAQ","USD","1.00","USD","-"
"ALKT","ALKAMI TECHNOLOGY","Information Technology","Equity","23,175,125.54","0.03","23,175,125.54","1,634,353.00","14.18","United States","NASDAQ","USD","1.00","USD","-"
"BW","BABCOCK AND WILCOX ENTERPRISES","Industrials","Equity","23,109,173.53","0.03","23,109,173.53","3,745,409.00","6.17","United States","NYSE","USD","1.00","USD","-"
"OI","O I GLASS","Materials","Equity","23,007,250.72","0.03","23,007,250.72","3,926,152.00","5.86","United States","NYSE","USD","1.00","USD","-"
"AMAL","AMALGAMATED FINANCIAL CORP","Financials","Equity","23,011,806.35","0.03","23,011,806.35","487,435.00","47.21","United States","NASDAQ","USD","1.00","USD","-"
"TDAY","USA TODAY INC","Communication","Equity","22,987,806.45","0.03","22,987,806.45","3,564,001.00","6.45","United States","NYSE","USD","1.00","USD","-"
"AIP","ARTERIS INC","Information Technology","Equity","22,954,810.22","0.03","22,954,810.22","948,938.00","24.19","United States","NASDAQ","USD","1.00","USD","-"
"CIM","CHIMERA INVESTMENT","Financials","Equity","22,955,496.99","0.03","22,955,496.99","2,205,139.00","10.41","United States","NYSE","USD","1.00","USD","-"
"FET","FORUM ENERGY TECHNOLOGIES INC","Energy","Equity","22,958,343.60","0.03","22,958,343.60","274,490.00","83.64","United States","NYSE","USD","1.00","USD","-"
"GOLD","GOLD INC","Consumer Discretionary","Equity","22,905,350.96","0.03","22,905,350.96","526,802.00","43.48","United States","NYSE","USD","1.00","USD","-"
"EIG","EMPLOYERS HOLDINGS","Financials","Equity","22,905,620.98","0.03","22,905,620.98","481,514.00","47.57","United States","NYSE","USD","1.00","USD","-"
"UTL","UNITIL CORP","Utilities","Equity","22,793,351.40","0.03","22,793,351.40","448,335.00","50.84","United States","NYSE","USD","1.00","USD","-"
"VRTS","VIRTUS INVESTMENT PARTNERS","Financials","Equity","22,735,636.24","0.03","22,735,636.24","175,132.00","129.82","United States","NYSE","USD","1.00","USD","-"
"NX","QUANEX BUILDING PRODUCTS CORP","Industrials","Equity","22,721,557.12","0.03","22,721,557.12","1,178,504.00","19.28","United States","NYSE","USD","1.00","USD","-"
"FCEL","FUELCELL ENERGY INC","Industrials","Equity","22,702,297.09","0.03","22,702,297.09","1,385,131.00","16.39","United States","NASDAQ","USD","1.00","USD","-"
"DJCO","DAILY JOURNAL","Information Technology","Equity","22,694,131.47","0.03","22,694,131.47","34,647.00","655.01","United States","NASDAQ","USD","1.00","USD","-"
"BBNX","BETA BIONICS","Health Care","Equity","22,655,576.32","0.03","22,655,576.32","1,041,157.00","21.76","United States","NASDAQ","USD","1.00","USD","-"
"RIGL","RIGEL PHARMACEUTICALS","Health Care","Equity","22,564,666.53","0.03","22,564,666.53","471,177.00","47.89","United States","NASDAQ","USD","1.00","USD","-"
"YSS","YORK SPACE SYSTEMS INC","Industrials","Equity","22,510,388.97","0.03","22,510,388.97","2,294,637.00","9.81","United States","NYSE","USD","1.00","USD","-"
"NBBK","NB BANCORP INC","Financials","Equity","22,446,877.50","0.03","22,446,877.50","997,639.00","22.50","United States","NASDAQ","USD","1.00","USD","-"
"BCAX","BICARA THERAPEUTICS INC","Health Care","Equity","22,327,228.84","0.03","22,327,228.84","1,128,778.00","19.78","United States","NASDAQ","USD","1.00","USD","-"
"KFRC","KFORCE","Industrials","Equity","22,305,721.10","0.03","22,305,721.10","434,386.00","51.35","United States","NYSE","USD","1.00","USD","-"
"SG","SWEETGREEN CLASS A","Consumer Discretionary","Equity","22,306,187.82","0.03","22,306,187.82","2,700,507.00","8.26","United States","NYSE","USD","1.00","USD","-"
"STGW","STAGWELL CLASS A","Communication","Equity","22,291,192.74","0.03","22,291,192.74","2,682,454.00","8.31","United States","NASDAQ","USD","1.00","USD","-"
"KOPN","KOPIN CORP","Information Technology","Equity","22,226,806.62","0.03","22,226,806.62","4,564,026.00","4.87","United States","NASDAQ","USD","1.00","USD","-"
"GLUE","MONTE ROSA THERAPEUTICS","Health Care","Equity","22,176,818.40","0.03","22,176,818.40","1,892,220.00","11.72","United States","NASDAQ","USD","1.00","USD","-"
"MRVI","MARAVAI LIFESCIENCES HOLDINGS INC","Health Care","Equity","22,121,221.95","0.03","22,121,221.95","2,891,663.00","7.65","United States","NASDAQ","USD","1.00","USD","-"
"ANRO","ALTO NEUROSCIENCE INC","Health Care","Equity","22,117,915.26","0.03","22,117,915.26","813,757.00","27.18","United States","NYSE","USD","1.00","USD","-"
"RVLV","REVOLVE GROUP CLASS A","Consumer Discretionary","Equity","22,089,507.44","0.03","22,089,507.44","1,068,158.00","20.68","United States","NYSE","USD","1.00","USD","-"
"GNK","GENCO SHIPPING AND TRADING","Industrials","Equity","22,048,395.32","0.03","22,048,395.32","833,903.00","26.44","United States","NYSE","USD","1.00","USD","-"
"ASAN","ASANA CLASS A","Information Technology","Equity","22,038,694.36","0.03","22,038,694.36","2,405,971.00","9.16","United States","NYSE","USD","1.00","USD","-"
"BKV","BKV","Energy","Equity","22,015,642.72","0.03","22,015,642.72","953,884.00","23.08","United States","NYSE","USD","1.00","USD","-"
"RPD","RAPID7","Information Technology","Equity","21,997,889.30","0.03","21,997,889.30","1,711,898.00","12.85","United States","NASDAQ","USD","1.00","USD","-"
"CYRX","CRYOPORT","Health Care","Equity","21,999,168.00","0.03","21,999,168.00","1,264,320.00","17.40","United States","NASDAQ","USD","1.00","USD","-"
"WINA","WINMARK","Consumer Discretionary","Equity","21,940,124.14","0.03","21,940,124.14","74,927.00","292.82","United States","NASDAQ","USD","1.00","USD","-"
"BKSY","BLACKSKY TECHNOLOGY CLASS A","Industrials","Equity","21,878,759.07","0.03","21,878,759.07","944,271.00","23.17","United States","NYSE","USD","1.00","USD","-"
"PMT","PENNYMAC MORTGAGE INVESTMENT TRUST","Financials","Equity","21,827,533.00","0.03","21,827,533.00","2,583,140.00","8.45","United States","NYSE","USD","1.00","USD","-"
"VERX","VERTEX CLASS A","Information Technology","Equity","21,828,845.44","0.03","21,828,845.44","1,868,908.00","11.68","United States","NASDAQ","USD","1.00","USD","-"
"AMPH","AMPHASTAR PHARMACEUTICALS","Health Care","Equity","21,756,603.84","0.03","21,756,603.84","828,192.00","26.27","United States","NASDAQ","USD","1.00","USD","-"
"TTI","TETRA TECHNOLOGIES","Energy","Equity","21,720,186.63","0.03","21,720,186.63","3,602,021.00","6.03","United States","NYSE","USD","1.00","USD","-"
"MFA","MFA FINANCIAL","Financials","Equity","21,696,730.08","0.03","21,696,730.08","2,658,913.00","8.16","United States","NYSE","USD","1.00","USD","-"
"LBRX","LB PHARMACEUTICALS INC","Health Care","Equity","21,693,684.60","0.03","21,693,684.60","573,907.00","37.80","United States","NASDAQ","USD","1.00","USD","-"
"VPG","VISHAY PRECISION GROUP","Information Technology","Equity","21,637,332.07","0.03","21,637,332.07","315,551.00","68.57","United States","NYSE","USD","1.00","USD","-"
"SEPN","SEPTERNA","Health Care","Equity","21,619,023.66","0.03","21,619,023.66","566,982.00","38.13","United States","NASDAQ","USD","1.00","USD","-"
"ARDX","ARDELYX","Health Care","Equity","21,438,917.55","0.03","21,438,917.55","6,214,179.00","3.45","United States","NASDAQ","USD","1.00","USD","-"
"SXC","SUNCOKE ENERGY INC","Materials","Equity","21,440,425.50","0.03","21,440,425.50","2,199,018.00","9.75","United States","NYSE","USD","1.00","USD","-"
"SVC","SERVICE PROPERTIES TRUST","Real Estate","Equity","21,415,278.96","0.03","21,415,278.96","3,304,827.00","6.48","United States","NASDAQ","USD","1.00","USD","-"
"KOP","KOPPERS HOLDINGS INC","Materials","Equity","21,384,590.52","0.03","21,384,590.52","465,287.00","45.96","United States","NYSE","USD","1.00","USD","-"
"CPF","CENTRAL PACIFIC FINANCIAL CORP","Financials","Equity","21,373,904.88","0.03","21,373,904.88","580,182.00","36.84","United States","NYSE","USD","1.00","USD","-"
"SENEA","SENECA FOODS CLASS A","Consumer Staples","Equity","21,360,744.00","0.03","21,360,744.00","116,091.00","184.00","United States","NASDAQ","USD","1.00","USD","-"
"HRTG","HERITAGE INSURANCE HOLDINGS INC","Financials","Equity","21,330,791.58","0.03","21,330,791.58","642,881.00","33.18","United States","NYSE","USD","1.00","USD","-"
"EVLV","EVOLV TECHNOLOGIES HOLDINGS CLASS","Information Technology","Equity","21,318,224.20","0.03","21,318,224.20","4,350,658.00","4.90","United States","NASDAQ","USD","1.00","USD","-"
"MCBS","METROCITY BANKSHARES INC","Financials","Equity","21,185,926.80","0.03","21,185,926.80","608,791.00","34.80","United States","NASDAQ","USD","1.00","USD","-"
"FOXF","FOX FACTORY HOLDING","Consumer Discretionary","Equity","21,169,841.60","0.03","21,169,841.60","1,143,080.00","18.52","United States","NASDAQ","USD","1.00","USD","-"
"LWLG","LIGHTWAVE LOGIC","Information Technology","Equity","21,155,830.08","0.03","21,155,830.08","4,006,786.00","5.28","United States","NASDAQ","USD","1.00","USD","-"
"TYRA","TYRA BIOSCIENCES","Health Care","Equity","21,156,048.45","0.03","21,156,048.45","944,045.00","22.41","United States","NASDAQ","USD","1.00","USD","-"
"ORRF","ORRSTOWN FINANCIAL SERVICES INC","Financials","Equity","21,109,725.90","0.03","21,109,725.90","504,414.00","41.85","United States","NASDAQ","USD","1.00","USD","-"
"FISI","FINANCIAL INSTITUTIONS INC","Financials","Equity","21,112,114.07","0.03","21,112,114.07","527,605.00","40.02","United States","NASDAQ","USD","1.00","USD","-"
"MITK","MITEK SYSTEMS INC","Information Technology","Equity","21,032,988.32","0.03","21,032,988.32","1,163,329.00","18.08","United States","NASDAQ","USD","1.00","USD","-"
"RBCAA","REPUBLIC BANCORP INC CLASS A","Financials","Equity","21,010,192.52","0.03","21,010,192.52","223,204.00","94.13","United States","NASDAQ","USD","1.00","USD","-"
"CDRE","CADRE HOLDINGS INC","Industrials","Equity","21,003,252.45","0.03","21,003,252.45","801,345.00","26.21","United States","NYSE","USD","1.00","USD","-"
"BZH","BEAZER HOMES","Consumer Discretionary","Equity","20,933,967.12","0.03","20,933,967.12","627,517.00","33.36","United States","NYSE","USD","1.00","USD","-"
"EE","EXCELERATE ENERGY CLASS A","Energy","Equity","20,921,461.83","0.03","20,921,461.83","623,219.00","33.57","United States","NYSE","USD","1.00","USD","-"
"NVGS","NAVIGATOR HOLDINGS","Energy","Equity","20,896,091.94","0.03","20,896,091.94","895,291.00","23.34","United Kingdom","NYSE","USD","1.00","USD","-"
"SIBN","SI BONE","Health Care","Equity","20,768,772.48","0.03","20,768,772.48","1,121,424.00","18.52","United States","NASDAQ","USD","1.00","USD","-"
"TRNS","TRANSCAT","Industrials","Equity","20,730,026.79","0.03","20,730,026.79","240,683.00","86.13","United States","NASDAQ","USD","1.00","USD","-"
"EGBN","EAGLE BANCORP","Financials","Equity","20,682,180.96","0.03","20,682,180.96","730,303.00","28.32","United States","NASDAQ","USD","1.00","USD","-"
"EQBK","EQUITY BANCSHARES INC CLASS A","Financials","Equity","20,583,811.72","0.03","20,583,811.72","427,316.00","48.17","United States","NYSE","USD","1.00","USD","-"
"AVTX","AVALO THERAPEUTICS","Health Care","Equity","20,471,574.36","0.03","20,471,574.36","1,302,263.00","15.72","United States","NASDAQ","USD","1.00","USD","-"
"MPB","MID PENN BANCORP INC","Financials","Equity","20,383,713.20","0.03","20,383,713.20","563,086.00","36.20","United States","NASDAQ","USD","1.00","USD","-"
"BLZE","BACKBLAZE INC CLASS A","Information Technology","Equity","20,345,444.56","0.03","20,345,444.56","1,506,512.00","13.51","United States","NASDAQ","USD","1.00","USD","-"
"FSBC","FIVE STAR BANCORP","Financials","Equity","20,315,033.95","0.03","20,315,033.95","467,765.00","43.43","United States","NASDAQ","USD","1.00","USD","-"
"QNST","QUINSTREET INC","Communication","Equity","20,257,819.20","0.03","20,257,819.20","1,406,793.00","14.40","United States","NASDAQ","USD","1.00","USD","-"
"TE","T1 ENERGY","Information Technology","Equity","20,259,835.02","0.03","20,259,835.02","5,317,542.00","3.81","United States","NYSE","USD","1.00","USD","-"
"JANX","JANUX THERAPEUTICS","Health Care","Equity","20,199,796.92","0.03","20,199,796.92","1,211,019.00","16.68","United States","NASDAQ","USD","1.00","USD","-"
"TRUP","TRUPANION","Financials","Equity","20,182,999.66","0.03","20,182,999.66","900,223.00","22.42","United States","NASDAQ","USD","1.00","USD","-"
"FCBC","FIRST COMMUNITY BANKSHARES INC","Financials","Equity","20,135,078.46","0.03","20,135,078.46","424,522.00","47.43","United States","NASDAQ","USD","1.00","USD","-"
"DC","DAKOTA GOLD CORP","Materials","Equity","20,115,594.24","0.03","20,115,594.24","2,993,392.00","6.72","United States","Nyse Mkt Llc","USD","1.00","USD","-"
"SMBK","SMARTFINANCIAL INC","Financials","Equity","20,095,554.20","0.03","20,095,554.20","399,514.00","50.30","United States","NYSE","USD","1.00","USD","-"
"NPK","NATIONAL PRESTO INDUSTRIES INC","Industrials","Equity","20,080,479.10","0.03","20,080,479.10","139,351.00","144.10","United States","NYSE","USD","1.00","USD","-"
"TK","TEEKAY CORPORATION CORP LTD","Energy","Equity","19,983,582.82","0.03","19,983,582.82","1,462,927.00","13.66","Bermuda","NYSE","USD","1.00","USD","-"
"LIF","LIFE360","Information Technology","Equity","19,955,605.30","0.03","19,955,605.30","483,655.00","41.26","United States","NASDAQ","USD","1.00","USD","-"
"VREX","VAREX IMAGING","Health Care","Equity","19,908,923.82","0.03","19,908,923.82","1,077,906.00","18.47","United States","NASDAQ","USD","1.00","USD","-"
"SVRA","SAVARA","Health Care","Equity","19,856,710.77","0.03","19,856,710.77","3,916,511.00","5.07","United States","NASDAQ","USD","1.00","USD","-"
"PRAA","PRA GROUP INC","Financials","Equity","19,848,862.00","0.03","19,848,862.00","980,675.00","20.24","United States","NASDAQ","USD","1.00","USD","-"
"SABR","SABRE","Consumer Discretionary","Equity","19,822,299.75","0.03","19,822,299.75","8,809,911.00","2.25","United States","NASDAQ","USD","1.00","USD","-"
"SMPL","THE SIMPLY GOOD FOODS COMPANY","Consumer Staples","Equity","19,815,334.44","0.03","19,815,334.44","2,101,308.00","9.43","United States","NASDAQ","USD","1.00","USD","-"
"GCMG","GCM GROSVENOR CLASS A","Financials","Equity","19,801,339.26","0.03","19,801,339.26","1,567,802.00","12.63","United States","NASDAQ","USD","1.00","USD","-"
"GLIBK","LIBERTY CAPITAL SERIES C","Communication","Equity","19,766,989.38","0.03","19,766,989.38","831,594.00","23.77","United States","NASDAQ","USD","1.00","USD","-"
"CODI","COMPASS DIVERSIFIED","Financials","Equity","19,773,078.75","0.03","19,773,078.75","1,757,607.00","11.25","United States","NYSE","USD","1.00","USD","-"
"PCT","PURECYCLE TECHNOLOGIES","Materials","Equity","19,761,489.00","0.03","19,761,489.00","4,066,150.00","4.86","United States","NASDAQ","USD","1.00","USD","-"
"UA","UNDER ARMOUR INC CLASS C","Consumer Discretionary","Equity","19,746,738.29","0.03","19,746,738.29","4,457,503.00","4.43","United States","NYSE","USD","1.00","USD","-"
"APOG","APOGEE ENTERPRISES INC","Industrials","Equity","19,688,807.02","0.03","19,688,807.02","542,242.00","36.31","United States","NASDAQ","USD","1.00","USD","-"
"APEI","AMERICAN PUBLIC EDUCATION","Consumer Discretionary","Equity","19,668,168.55","0.03","19,668,168.55","460,505.00","42.71","United States","NASDAQ","USD","1.00","USD","-"
"ABUS","ARBUTUS BIOPHARMA CORP","Health Care","Equity","19,647,421.68","0.03","19,647,421.68","4,026,111.00","4.88","United States","NASDAQ","USD","1.00","USD","-"
"WASH","WASHINGTON TRUST BANCORP INC","Financials","Equity","19,639,635.84","0.03","19,639,635.84","507,222.00","38.72","United States","NASDAQ","USD","1.00","USD","-"
"RUSHB","RUSH ENTERPRISES CLASS B","Industrials","Equity","19,631,143.65","0.03","19,631,143.65","356,865.00","55.01","United States","NASDAQ","USD","1.00","USD","-"
"BUR","BURFORD CAPITAL LTD","Financials","Equity","19,589,011.86","0.03","19,589,011.86","5,396,422.00","3.63","United States","NYSE","USD","1.00","USD","-"
"MRTN","MARTEN TRANSPORT","Industrials","Equity","19,575,799.80","0.03","19,575,799.80","1,524,595.00","12.84","United States","NASDAQ","USD","1.00","USD","-"
"SAH","SONIC AUTOMOTIVE INC CLASS A","Consumer Discretionary","Equity","19,540,807.44","0.03","19,540,807.44","312,753.00","62.48","United States","NYSE","USD","1.00","USD","-"
"NNE","NANO NUCLEAR ENERGY","Industrials","Equity","19,492,835.80","0.03","19,492,835.80","1,145,290.00","17.02","United States","NASDAQ","USD","1.00","USD","-"
"MTW","MANITOWOC INC","Industrials","Equity","19,473,633.87","0.03","19,473,633.87","908,709.00","21.43","United States","NYSE","USD","1.00","USD","-"
"CASS","CASS INFORMATION SYSTEMS INC","Financials","Equity","19,452,759.22","0.03","19,452,759.22","357,719.00","54.38","United States","NASDAQ","USD","1.00","USD","-"
"PFBC","PREFERRED BANK","Financials","Equity","19,397,925.58","0.03","19,397,925.58","178,651.00","108.58","United States","NASDAQ","USD","1.00","USD","-"
"BBSI","BARRETT BUSINESS SERVICES INC","Industrials","Equity","19,382,365.60","0.03","19,382,365.60","613,366.00","31.60","United States","NASDAQ","USD","1.00","USD","-"
"ALRS","ALERUS FINANCIAL CORP","Financials","Equity","19,357,726.85","0.03","19,357,726.85","600,985.00","32.21","United States","NASDAQ","USD","1.00","USD","-"
"CRVS","CORVUS PHARMACEUTICALS","Health Care","Equity","19,309,791.40","0.03","19,309,791.40","1,636,423.00","11.80","United States","NASDAQ","USD","1.00","USD","-"
"WGO","WINNEBAGO INDUSTRIES","Consumer Discretionary","Equity","19,287,057.90","0.03","19,287,057.90","716,991.00","26.90","United States","NYSE","USD","1.00","USD","-"
"MLAB","MESA LABORATORIES","Health Care","Equity","19,223,875.00","0.02","19,223,875.00","139,810.00","137.50","United States","NASDAQ","USD","1.00","USD","-"
"SHBI","SHORE BANCSHARES INC","Financials","Equity","19,184,635.92","0.02","19,184,635.92","837,026.00","22.92","United States","NASDAQ","USD","1.00","USD","-"
"QDEL","QUIDELORTHO CORP","Health Care","Equity","19,041,979.41","0.02","19,041,979.41","1,781,289.00","10.69","United States","NASDAQ","USD","1.00","USD","-"
"COLL","COLLEGIUM PHARMACEUTICAL","Health Care","Equity","18,952,374.16","0.02","18,952,374.16","837,119.00","22.64","United States","NASDAQ","USD","1.00","USD","-"
"FG","F&G ANNUITIES AND LIFE INC","Financials","Equity","18,928,266.76","0.02","18,928,266.76","875,498.00","21.62","United States","NYSE","USD","1.00","USD","-"
"CADL","CANDEL THERAPEUTICS INC","Health Care","Equity","18,908,204.70","0.02","18,908,204.70","1,637,074.00","11.55","United States","NASDAQ","USD","1.00","USD","-"
"GDOT","GREEN DOT CLASS A","Financials","Equity","18,757,660.52","0.02","18,757,660.52","1,466,588.00","12.79","United States","NYSE","USD","1.00","USD","-"
"DAKT","DAKTRONICS INC","Information Technology","Equity","18,755,664.52","0.02","18,755,664.52","1,089,812.00","17.21","United States","NASDAQ","USD","1.00","USD","-"
"PUBM","PUBMATIC CLASS A","Communication","Equity","18,717,803.30","0.02","18,717,803.30","1,009,046.00","18.55","United States","NASDAQ","USD","1.00","USD","-"
"PGC","PEAPACK GLADSTONE FINANCIAL CORP","Financials","Equity","18,634,318.38","0.02","18,634,318.38","415,759.00","44.82","United States","NASDAQ","USD","1.00","USD","-"
"AVO","MISSION PRODUCE INC","Consumer Staples","Equity","18,629,818.56","0.02","18,629,818.56","1,437,486.00","12.96","United States","NASDAQ","USD","1.00","USD","-"
"FEIM","FREQUENCY ELECTRONICS INC","Information Technology","Equity","18,621,118.56","0.02","18,621,118.56","220,264.00","84.54","United States","NASDAQ","USD","1.00","USD","-"
"DRVN","DRIVEN BRANDS HOLDINGS","Consumer Discretionary","Equity","18,597,441.52","0.02","18,597,441.52","1,544,638.00","12.04","United States","NASDAQ","USD","1.00","USD","-"
"SMBC","SOUTHERN MISSOURI BANCORP INC","Financials","Equity","18,598,696.44","0.02","18,598,696.44","257,564.00","72.21","United States","NASDAQ","USD","1.00","USD","-"
"FIZZ","NATIONAL BEVERAGE","Consumer Staples","Equity","18,590,729.56","0.02","18,590,729.56","622,388.00","29.87","United States","NASDAQ","USD","1.00","USD","-"
"IBCP","INDEPENDENT BANK CORP","Financials","Equity","18,522,898.68","0.02","18,522,898.68","520,014.00","35.62","United States","NASDAQ","USD","1.00","USD","-"
"CMP","COMPASS MINERALS INTERNATIONAL","Materials","Equity","18,503,598.75","0.02","18,503,598.75","813,345.00","22.75","United States","NYSE","USD","1.00","USD","-"
"PAHC","PHIBRO ANIMAL HEALTH CORP CLASS A","Health Care","Equity","18,465,045.30","0.02","18,465,045.30","544,210.00","33.93","United States","NASDAQ","USD","1.00","USD","-"
"LINC","LINCOLN EDUCATIONAL SERVICES CORP","Consumer Discretionary","Equity","18,402,023.52","0.02","18,402,023.52","770,604.00","23.88","United States","NASDAQ","USD","1.00","USD","-"
"CTO","CTO REALTY GROWTH INC","Real Estate","Equity","18,261,798.60","0.02","18,261,798.60","888,652.00","20.55","United States","NYSE","USD","1.00","USD","-"
"BLMN","BLOOMIN BRANDS INC","Consumer Discretionary","Equity","18,203,018.12","0.02","18,203,018.12","2,241,751.00","8.12","United States","NASDAQ","USD","1.00","USD","-"
"AMRC","AMERESCO INC CLASS A","Industrials","Equity","18,161,193.60","0.02","18,161,193.60","838,080.00","21.67","United States","NYSE","USD","1.00","USD","-"
"VOR","VOR BIOPHARMA","Health Care","Equity","18,128,142.72","0.02","18,128,142.72","983,088.00","18.44","United States","NASDAQ","USD","1.00","USD","-"
"OLMA","OLEMA PHARMACEUTICALS","Health Care","Equity","18,111,658.08","0.02","18,111,658.08","2,003,502.00","9.04","United States","NASDAQ","USD","1.00","USD","-"
"PAX","PATRIA INVESTMENTS LTD CLASS A","Financials","Equity","18,091,755.85","0.02","18,091,755.85","1,782,439.00","10.15","Brazil","NASDAQ","USD","1.00","USD","-"
"SAFE","SAFEHOLD INC","Real Estate","Equity","18,060,327.78","0.02","18,060,327.78","1,458,831.00","12.38","United States","NYSE","USD","1.00","USD","-"
"BHB","BAR HARBOR BANKSHARES","Financials","Equity","18,061,258.00","0.02","18,061,258.00","454,600.00","39.73","United States","Nyse Mkt Llc","USD","1.00","USD","-"
"MMI","MARCUS & MILLICHAP INC","Real Estate","Equity","18,043,195.50","0.02","18,043,195.50","595,485.00","30.30","United States","NYSE","USD","1.00","USD","-"
"FLOC","FLOWCO HOLDINGS CLASS A","Energy","Equity","18,036,330.00","0.02","18,036,330.00","924,940.00","19.50","United States","NYSE","USD","1.00","USD","-"
"HTB","HOMETRUST BANCSHARES INC","Financials","Equity","18,015,424.96","0.02","18,015,424.96","393,952.00","45.73","United States","NYSE","USD","1.00","USD","-"
"CCBG","CAPITAL CITY BANK INC","Financials","Equity","17,998,445.86","0.02","17,998,445.86","365,006.00","49.31","United States","NASDAQ","USD","1.00","USD","-"
"CTKB","CYTEK BIOSCIENCES","Health Care","Equity","17,982,602.25","0.02","17,982,602.25","3,138,325.00","5.73","United States","NASDAQ","USD","1.00","USD","-"
"COAG","HEMAB THERAPEUTICS HOLDINGS INC","Health Care","Equity","17,862,036.04","0.02","17,862,036.04","500,057.00","35.72","United States","NASDAQ","USD","1.00","USD","-"
"LYTS","LSI INDUSTRIES INC","Industrials","Equity","17,842,534.26","0.02","17,842,534.26","852,079.00","20.94","United States","NASDAQ","USD","1.00","USD","-"
"GERN","GERON","Health Care","Equity","17,845,042.32","0.02","17,845,042.32","14,162,732.00","1.26","United States","NASDAQ","USD","1.00","USD","-"
"IMMX","IMMIX BIOPHARMA","Health Care","Equity","17,819,252.10","0.02","17,819,252.10","1,523,013.00","11.70","United States","NASDAQ","USD","1.00","USD","-"
"PFIS","PEOPLES FINANCIAL SERVICES CORP","Financials","Equity","17,819,524.80","0.02","17,819,524.80","257,136.00","69.30","United States","NASDAQ","USD","1.00","USD","-"
"ADAM","ADAMAS","Financials","Equity","17,801,952.08","0.02","17,801,952.08","2,186,972.00","8.14","United States","NASDAQ","USD","1.00","USD","-"
"ELE","ELEMENTAL ROYALTY CORP","Materials","Equity","17,794,203.05","0.02","17,794,203.05","883,087.00","20.15","Canada","NASDAQ","USD","1.00","USD","-"
"IRMD","IRADIMED","Health Care","Equity","17,760,536.40","0.02","17,760,536.40","208,457.00","85.20","United States","NASDAQ","USD","1.00","USD","-"
"BV","BRIGHTVIEW HOLDINGS","Industrials","Equity","17,709,001.53","0.02","17,709,001.53","1,786,983.00","9.91","United States","NYSE","USD","1.00","USD","-"
"KMTS","KESTRA MEDICAL TECHNOLOGIES","Health Care","Equity","17,706,702.72","0.02","17,706,702.72","687,372.00","25.76","United States","NASDAQ","USD","1.00","USD","-"
"MLR","MILLER INDUSTRIES INC","Industrials","Equity","17,669,049.68","0.02","17,669,049.68","328,177.00","53.84","United States","NYSE","USD","1.00","USD","-"
"HSTM","HEALTHSTREAM","Health Care","Equity","17,632,439.11","0.02","17,632,439.11","610,753.00","28.87","United States","NASDAQ","USD","1.00","USD","-"
"IRWD","IRONWOOD PHARMA CLASS A","Health Care","Equity","17,582,438.34","0.02","17,582,438.34","4,196,286.00","4.19","United States","NASDAQ","USD","1.00","USD","-"
"MTUS","METALLUS INC","Materials","Equity","17,515,276.38","0.02","17,515,276.38","924,777.00","18.94","United States","NYSE","USD","1.00","USD","-"
"CARE","CARTER BANKSHARES INC","Financials","Equity","17,506,844.21","0.02","17,506,844.21","582,203.00","30.07","United States","NASDAQ","USD","1.00","USD","-"
"SPFI","SOUTH PLAINS FINANCIAL INC","Financials","Equity","17,497,840.35","0.02","17,497,840.35","408,351.00","42.85","United States","NASDAQ","USD","1.00","USD","-"
"IVR","INVESCO MORTGAGE CAPITAL REIT INC","Financials","Equity","17,440,635.96","0.02","17,440,635.96","2,733,642.00","6.38","United States","NYSE","USD","1.00","USD","-"
"OSPN","ONESPAN","Information Technology","Equity","17,419,785.76","0.02","17,419,785.76","985,282.00","17.68","United States","NASDAQ","USD","1.00","USD","-"
"LZ","LEGALZOOM COM","Industrials","Equity","17,398,050.65","0.02","17,398,050.65","3,079,301.00","5.65","United States","NASDAQ","USD","1.00","USD","-"
"PZZA","PAPA JOHNS INTERNATIONAL INC","Consumer Discretionary","Equity","17,381,941.02","0.02","17,381,941.02","859,641.00","20.22","United States","NASDAQ","USD","1.00","USD","-"
"HELE","HELEN OF TROY LTD","Consumer Discretionary","Equity","17,323,074.40","0.02","17,323,074.40","590,224.00","29.35","United States","NASDAQ","USD","1.00","USD","-"
"AOSL","ALPHA AND OMEGA SEMICONDUCTOR","Information Technology","Equity","17,292,719.31","0.02","17,292,719.31","633,201.00","27.31","United States","NASDAQ","USD","1.00","USD","-"
"FDMT","4D MOLECULAR THERAPEUTICS INC","Health Care","Equity","17,222,938.72","0.02","17,222,938.72","1,170,832.00","14.71","United States","NASDAQ","USD","1.00","USD","-"
"CMRE","COSTAMARE","Industrials","Equity","17,173,486.32","0.02","17,173,486.32","1,171,452.00","14.66","Monaco","NYSE","USD","1.00","USD","Jan 01, 1970"
"TCBX","THIRD COAST BANCSHARES INC","Financials","Equity","17,137,313.91","0.02","17,137,313.91","400,311.00","42.81","United States","NYSE","USD","1.00","USD","-"
"KE","KIMBALL ELECTRONICS INC","Information Technology","Equity","17,128,531.32","0.02","17,128,531.32","623,309.00","27.48","United States","NASDAQ","USD","1.00","USD","-"
"MATV","MATIV HOLDINGS","Materials","Equity","17,061,354.23","0.02","17,061,354.23","1,401,919.00","12.17","United States","NYSE","USD","1.00","USD","-"
"CRSR","CORSAIR GAMING INC","Information Technology","Equity","17,039,802.50","0.02","17,039,802.50","1,257,550.00","13.55","United States","NASDAQ","USD","1.00","USD","-"
"SOC","SABLE OFFSHORE CLASS A","Energy","Equity","16,956,032.77","0.02","16,956,032.77","4,271,041.00","3.97","United States","NYSE","USD","1.00","USD","-"
"ZVRA","ZEVRA THERAPEUTICS INC","Health Care","Equity","16,907,092.68","0.02","16,907,092.68","1,501,518.00","11.26","United States","NASDAQ","USD","1.00","USD","-"
"CBLL","CERIBELL","Health Care","Equity","16,881,900.96","0.02","16,881,900.96","708,728.00","23.82","United States","NASDAQ","USD","1.00","USD","-"
"ACNB","ACNB CORP","Financials","Equity","16,848,712.40","0.02","16,848,712.40","265,585.00","63.44","United States","NASDAQ","USD","1.00","USD","-"
"MGTX","MEIRAGTX HOLDINGS PLC","Health Care","Equity","16,830,045.05","0.02","16,830,045.05","1,523,081.00","11.05","United States","NASDAQ","USD","1.00","USD","-"
"FLNC","FLUENCE ENERGY INC CLASS A","Industrials","Equity","16,758,599.06","0.02","16,758,599.06","2,246,461.00","7.46","United States","NASDAQ","USD","1.00","USD","-"
"MSBI","MIDLAND STATES BANCORP INC","Financials","Equity","16,715,443.33","0.02","16,715,443.33","504,541.00","33.13","United States","NASDAQ","USD","1.00","USD","-"
"OPK","OPKO HEALTH","Health Care","Equity","16,697,186.04","0.02","16,697,186.04","10,181,211.00","1.64","United States","NASDAQ","USD","1.00","USD","-"
"BVS","BIOVENTUS CLASS A","Health Care","Equity","16,659,965.92","0.02","16,659,965.92","1,232,246.00","13.52","United States","NASDAQ","USD","1.00","USD","-"
"REPX","RILEY EXPLORATION PERMIAN INC","Energy","Equity","16,657,531.33","0.02","16,657,531.33","399,557.00","41.69","United States","Nyse Mkt Llc","USD","1.00","USD","-"
"CLVT","CLARIVATE PLC","Industrials","Equity","16,643,375.92","0.02","16,643,375.92","9,045,313.00","1.84","United States","NYSE","USD","1.00","USD","-"
"MCS","THE MARCUS CORP","Communication","Equity","16,611,877.98","0.02","16,611,877.98","587,823.00","28.26","United States","NYSE","USD","1.00","USD","-"
"INDI","INDIE SEMICONDUCTOR INC CLASS A","Information Technology","Equity","16,593,680.55","0.02","16,593,680.55","5,440,551.00","3.05","United States","NASDAQ","USD","1.00","USD","-"
"CWBC","COMMUNITY WEST BANCSHARES","Financials","Equity","16,565,124.84","0.02","16,565,124.84","628,419.00","26.36","United States","NASDAQ","USD","1.00","USD","-"
"SATL","SATELLOGIC CLASS A","Industrials","Equity","16,532,142.66","0.02","16,532,142.66","2,783,189.00","5.94","United States","NASDAQ","USD","1.00","USD","-"
"AROW","ARROW FINANCIAL CORP","Financials","Equity","16,521,847.37","0.02","16,521,847.37","442,589.00","37.33","United States","NASDAQ","USD","1.00","USD","-"
"CCSI","CONSENSUS CLOUD SOLUTIONS INC","Information Technology","Equity","16,482,985.92","0.02","16,482,985.92","466,016.00","35.37","United States","NASDAQ","USD","1.00","USD","-"
"VSTM","VERASTEM INC","Health Care","Equity","16,464,801.60","0.02","16,464,801.60","2,110,872.00","7.80","United States","NASDAQ","USD","1.00","USD","-"
"ACRS","ACLARIS THERAPEUTICS","Health Care","Equity","16,397,190.90","0.02","16,397,190.90","3,047,805.00","5.38","United States","NASDAQ","USD","1.00","USD","-"
"GSBC","GREAT SOUTHERN BANCORP INC","Financials","Equity","16,397,822.45","0.02","16,397,822.45","208,015.00","78.83","United States","NASDAQ","USD","1.00","USD","-"
"HPP","HUDSON PACIFIC PROPERTIES REIT","Real Estate","Equity","16,400,346.82","0.02","16,400,346.82","1,400,542.00","11.71","United States","NYSE","USD","1.00","USD","-"
"SWBI","SMITH WESSON BRANDS INC","Consumer Discretionary","Equity","16,367,098.88","0.02","16,367,098.88","1,162,436.00","14.08","United States","NASDAQ","USD","1.00","USD","-"
"PRKS","UNITED PARKS AND RESORTS","Consumer Discretionary","Equity","16,352,641.80","0.02","16,352,641.80","500,540.00","32.67","United States","NYSE","USD","1.00","USD","-"
"ASC","ARDMORE SHIPPING CORP","Energy","Equity","16,331,370.67","0.02","16,331,370.67","915,949.00","17.83","Bermuda","NYSE","USD","1.00","USD","-"
"BTBT","BIT DIGITAL","Information Technology","Equity","16,303,665.47","0.02","16,303,665.47","9,108,193.00","1.79","United States","NASDAQ","USD","1.00","USD","-"
"LPTH","LIGHTPATH TECHNOLOGIES INC CLASS A","Information Technology","Equity","16,298,306.60","0.02","16,298,306.60","1,620,110.00","10.06","United States","NASDAQ","USD","1.00","USD","-"
"HIPO","HIPPO HOLDINGS","Financials","Equity","16,245,442.08","0.02","16,245,442.08","537,217.00","30.24","United States","NYSE","USD","1.00","USD","-"
"FWRG","FIRST WATCH RESTAURANT GROUP","Consumer Discretionary","Equity","16,204,934.20","0.02","16,204,934.20","1,585,610.00","10.22","United States","NASDAQ","USD","1.00","USD","-"
"KODK","EASTMAN KODAK","Information Technology","Equity","16,129,406.97","0.02","16,129,406.97","1,696,047.00","9.51","United States","NYSE","USD","1.00","USD","-"
"PSTL","POSTAL REALTY TRUST CLASS A","Real Estate","Equity","16,098,729.85","0.02","16,098,729.85","686,513.00","23.45","United States","NYSE","USD","1.00","USD","-"
"UAMY","UNITED STATES ANTIMONY CORP","Materials","Equity","16,102,742.32","0.02","16,102,742.32","3,523,576.00","4.57","United States","NYSE","USD","1.00","USD","-"
"CLDT","CHATHAM LODGING TRUST REIT","Real Estate","Equity","16,024,323.00","0.02","16,024,323.00","1,195,845.00","13.40","United States","NYSE","USD","1.00","USD","-"
"LCID","LUCID GROUP","Consumer Discretionary","Equity","16,010,828.65","0.02","16,010,828.65","3,858,031.00","4.15","United States","NASDAQ","USD","1.00","USD","-"
"ABR","ARBOR REALTY TRUST REIT","Financials","Equity","15,984,025.53","0.02","15,984,025.53","3,927,279.00","4.07","United States","NYSE","USD","1.00","USD","-"
"MAMA","MAMAS CREATIONS INC","Consumer Staples","Equity","15,952,589.31","0.02","15,952,589.31","1,193,163.00","13.37","United States","NASDAQ","USD","1.00","USD","-"
"ROOT","ROOT INC CLASS A","Financials","Equity","15,953,910.14","0.02","15,953,910.14","333,694.00","47.81","United States","NASDAQ","USD","1.00","USD","-"
"GIC","GLOBAL INDUSTRIAL","Industrials","Equity","15,901,957.47","0.02","15,901,957.47","385,689.00","41.23","United States","NYSE","USD","1.00","USD","-"
"EGY","VAALCO ENERGY INC","Energy","Equity","15,836,497.38","0.02","15,836,497.38","2,666,077.00","5.94","United States","NYSE","USD","1.00","USD","-"
"CRML","CRITICAL METALS CORP","Materials","Equity","15,808,950.00","0.02","15,808,950.00","1,935,000.00","8.17","United States","NASDAQ","USD","1.00","USD","-"
"NAVI","NAVIENT","Financials","Equity","15,795,910.50","0.02","15,795,910.50","1,698,485.00","9.30","United States","NASDAQ","USD","1.00","USD","-"
"BWMN","BOWMAN CONSULTING GROUP","Industrials","Equity","15,793,930.88","0.02","15,793,930.88","371,098.00","42.56","United States","NASDAQ","USD","1.00","USD","-"
"BOW","BOWHEAD SPECIALTY HOLDINGS","Financials","Equity","15,741,590.55","0.02","15,741,590.55","464,765.00","33.87","United States","NYSE","USD","1.00","USD","-"
"JBGS","JBG SMITH PROPERTIES","Real Estate","Equity","15,745,666.32","0.02","15,745,666.32","1,512,552.00","10.41","United States","NYSE","USD","1.00","USD","-"
"ACHV","ACHIEVE LIFE SCIENCES","Health Care","Equity","15,713,001.27","0.02","15,713,001.27","2,006,769.00","7.83","United States","NASDAQ","USD","1.00","USD","-"
"GOOD","GLADSTONE COMMERCIAL REIT CORP","Real Estate","Equity","15,714,054.64","0.02","15,714,054.64","1,251,119.00","12.56","United States","NASDAQ","USD","1.00","USD","-"
"LXU","LSB INDUSTRIES","Materials","Equity","15,594,882.02","0.02","15,594,882.02","1,545,578.00","10.09","United States","NYSE","USD","1.00","USD","-"
"RES","RPC INC","Energy","Equity","15,577,439.60","0.02","15,577,439.60","2,640,244.00","5.90","United States","NYSE","USD","1.00","USD","-"
"AMBP","ARDAGH METAL PACKAGING SA","Materials","Equity","15,556,199.37","0.02","15,556,199.37","3,609,327.00","4.31","United States","NYSE","USD","1.00","USD","-"
"INN","SUMMIT HOTEL PROPERTIES REIT","Real Estate","Equity","15,510,060.28","0.02","15,510,060.28","2,711,549.00","5.72","United States","NYSE","USD","1.00","USD","-"
"FBRT","FRANKLIN BSP REALTY TRUST","Financials","Equity","15,434,674.70","0.02","15,434,674.70","2,114,339.00","7.30","United States","NYSE","USD","1.00","USD","-"
"MCHB","MECHANICS BANCORP CLASS A","Financials","Equity","15,392,548.08","0.02","15,392,548.08","1,020,726.00","15.08","United States","NASDAQ","USD","1.00","USD","-"
"PAYS","PAYSIGN INC","Financials","Equity","15,369,782.40","0.02","15,369,782.40","1,185,940.00","12.96","United States","NASDAQ","USD","1.00","USD","-"
"NUAI","NEW ERA ENERGY AND DIGITAL INC","Energy","Equity","15,330,411.42","0.02","15,330,411.42","2,208,993.00","6.94","United States","NASDAQ","USD","1.00","USD","-"
"MATW","MATTHEWS INTERNATIONAL CORP CLASS","Consumer Discretionary","Equity","15,318,878.16","0.02","15,318,878.16","797,028.00","19.22","United States","NASDAQ","USD","1.00","USD","-"
"ANNX","ANNEXON","Health Care","Equity","15,307,760.40","0.02","15,307,760.40","4,028,358.00","3.80","United States","NASDAQ","USD","1.00","USD","-"
"NRGV","ENERGY VAULT HOLDINGS","Industrials","Equity","15,299,232.30","0.02","15,299,232.30","3,557,961.00","4.30","United States","NYSE","USD","1.00","USD","-"
"ESRT","EMPIRE STATE REALTY REIT CLASS A","Real Estate","Equity","15,261,787.84","0.02","15,261,787.84","3,668,699.00","4.16","United States","NYSE","USD","1.00","USD","-"
"CIVB","CIVISTA BANCSHARES INC","Financials","Equity","15,252,260.76","0.02","15,252,260.76","563,646.00","27.06","United States","NASDAQ","USD","1.00","USD","-"
"HBT","HBT FINANCIAL INC","Financials","Equity","15,235,541.75","0.02","15,235,541.75","426,169.00","35.75","United States","NASDAQ","USD","1.00","USD","-"
"SHEN","SHENANDOAH TELECOMMUNICATIONS","Communication","Equity","15,138,897.73","0.02","15,138,897.73","1,262,627.00","11.99","United States","NASDAQ","USD","1.00","USD","-"
"MMED","MINIMED INC","Health Care","Equity","15,116,238.48","0.02","15,116,238.48","739,542.00","20.44","United States","NASDAQ","USD","1.00","USD","-"
"ENVX","ENOVIX","Industrials","Equity","15,117,782.64","0.02","15,117,782.64","5,107,359.00","2.96","United States","NASDAQ","USD","1.00","USD","-"
"AVR","ANTERIS TECHNOLOGIES GLOBAL CORP","Health Care","Equity","15,076,321.65","0.02","15,076,321.65","1,970,761.00","7.65","United States","NASDAQ","USD","1.00","USD","-"
"JBIO","JADE BIOSCIENCES","Health Care","Equity","15,008,072.94","0.02","15,008,072.94","1,018,878.00","14.73","United States","NASDAQ","USD","1.00","USD","-"
"CRMD","CORMEDIX","Health Care","Equity","14,941,818.78","0.02","14,941,818.78","1,923,014.00","7.77","United States","NASDAQ","USD","1.00","USD","-"
"ALT","ALTIMMUNE INC","Health Care","Equity","14,917,213.12","0.02","14,917,213.12","4,906,978.00","3.04","United States","NASDAQ","USD","1.00","USD","-"
"STAA","STAAR SURGICAL","Health Care","Equity","14,883,354.00","0.02","14,883,354.00","780,050.00","19.08","United States","NASDAQ","USD","1.00","USD","-"
"EBF","ENNIS INC","Industrials","Equity","14,874,478.58","0.02","14,874,478.58","666,718.00","22.31","United States","NYSE","USD","1.00","USD","-"
"ONT","ONTERRIS","Industrials","Equity","14,830,698.60","0.02","14,830,698.60","881,730.00","16.82","United States","NYSE","USD","1.00","USD","-"
"PKE","PARK AEROSPACE CORP","Industrials","Equity","14,801,734.02","0.02","14,801,734.02","499,047.00","29.66","United States","NYSE","USD","1.00","USD","-"
"FBIZ","FIRST BUSINESS FINANCIAL SERVICES","Financials","Equity","14,763,902.40","0.02","14,763,902.40","210,312.00","70.20","United States","NASDAQ","USD","1.00","USD","-"
"LMB","LIMBACH HOLDINGS INC","Industrials","Equity","14,730,580.74","0.02","14,730,580.74","286,978.00","51.33","United States","NASDAQ","USD","1.00","USD","-"
"LCLN","LINCOLN INTERNATIONAL INC CLASS A","Financials","Equity","14,715,466.48","0.02","14,715,466.48","635,932.00","23.14","United States","NYSE","USD","1.00","USD","-"
"CCB","COASTAL FINANCIAL CORP","Financials","Equity","14,702,164.62","0.02","14,702,164.62","337,051.00","43.62","United States","NASDAQ","USD","1.00","USD","-"
"NTGR","NETGEAR","Information Technology","Equity","14,658,835.52","0.02","14,658,835.52","662,696.00","22.12","United States","NASDAQ","USD","1.00","USD","-"
"ALMS","ALUMIS","Health Care","Equity","14,637,109.86","0.02","14,637,109.86","2,007,834.00","7.29","United States","NASDAQ","USD","1.00","USD","-"
"KRNY","KEARNY FINANCIAL CORP","Financials","Equity","14,571,891.00","0.02","14,571,891.00","1,566,870.00","9.30","United States","NASDAQ","USD","1.00","USD","-"
"ZGN","ERMENEGILDO ZEGNA NV","Consumer Discretionary","Equity","14,554,210.86","0.02","14,554,210.86","1,167,138.00","12.47","Italy","NYSE","USD","1.00","USD","-"
"AHCO","ADAPTHEALTH","Health Care","Equity","14,554,398.86","0.02","14,554,398.86","2,612,998.00","5.57","United States","NASDAQ","USD","1.00","USD","-"
"ARRY","ARRAY TECHNOLOGIES INC","Industrials","Equity","14,546,069.70","0.02","14,546,069.70","3,701,290.00","3.93","United States","NASDAQ","USD","1.00","USD","-"
"YEXT","YEXT","Information Technology","Equity","14,522,354.96","0.02","14,522,354.96","2,244,568.00","6.47","United States","NYSE","USD","1.00","USD","-"
"SLDB","SOLID BIOSCIENCES INC","Health Care","Equity","14,520,033.88","0.02","14,520,033.88","1,941,181.00","7.48","United States","NASDAQ","USD","1.00","USD","-"
"RGR","STURM RUGER","Consumer Discretionary","Equity","14,505,696.20","0.02","14,505,696.20","346,198.00","41.90","United States","NYSE","USD","1.00","USD","-"
"ANGO","ANGIODYNAMICS","Health Care","Equity","14,492,193.76","0.02","14,492,193.76","948,442.00","15.28","United States","NASDAQ","USD","1.00","USD","-"
"WLFC","WILLIS LEASE FINANCE","Industrials","Equity","14,469,197.25","0.02","14,469,197.25","273,675.00","52.87","United States","NASDAQ","USD","1.00","USD","-"
"NRIM","NORTHRIM BANCORP INC","Financials","Equity","14,466,096.50","0.02","14,466,096.50","587,575.00","24.62","United States","NASDAQ","USD","1.00","USD","-"
"VTS","VITESSE ENERGY INC","Energy","Equity","14,406,175.85","0.02","14,406,175.85","844,937.00","17.05","United States","NYSE","USD","1.00","USD","-"
"BXC","BLUELINX HOLDINGS","Industrials","Equity","14,410,623.66","0.02","14,410,623.66","195,213.00","73.82","United States","NYSE","USD","1.00","USD","-"
"CTOS","CUSTOM TRUCK ONE SOURCE","Industrials","Equity","14,392,717.43","0.02","14,392,717.43","1,559,341.00","9.23","United States","NYSE","USD","1.00","USD","-"
"MDXG","MIMEDX GROUP","Health Care","Equity","14,395,601.61","0.02","14,395,601.61","3,056,391.00","4.71","United States","NASDAQ","USD","1.00","USD","-"
"AEVA","AEVA TECHNOLOGIES","Information Technology","Equity","14,367,728.98","0.02","14,367,728.98","919,829.00","15.62","United States","NASDAQ","USD","1.00","USD","-"
"ACEL","ACCEL ENTERTAINMENT CLASS A","Consumer Discretionary","Equity","14,355,841.92","0.02","14,355,841.92","1,300,348.00","11.04","United States","NYSE","USD","1.00","USD","-"
"BCAL","CALIFORNIA BANCORP","Financials","Equity","14,304,691.99","0.02","14,304,691.99","662,561.00","21.59","United States","NASDAQ","USD","1.00","USD","-"
"NXDR","NEXTDOOR HOLDINGS CLASS A","Communication","Equity","14,270,035.78","0.02","14,270,035.78","5,896,709.00","2.42","United States","NYSE","USD","1.00","USD","-"
"SBGI","SINCLAIR CLASS A","Communication","Equity","14,270,456.20","0.02","14,270,456.20","1,120,130.00","12.74","United States","NASDAQ","USD","1.00","USD","-"
"JBI","JANUS INTERNATIONAL GROUP","Industrials","Equity","14,217,856.32","0.02","14,217,856.32","3,450,936.00","4.12","United States","NYSE","USD","1.00","USD","-"
"KLRA","KAILERA THERAPEUTICS INC","Health Care","Equity","14,181,912.02","0.02","14,181,912.02","1,183,799.00","11.98","United States","NASDAQ","USD","1.00","USD","-"
"AKTS","AKTIS ONCOLOGY INC","Health Care","Equity","14,157,411.19","0.02","14,157,411.19","721,213.00","19.63","United States","NASDAQ","USD","1.00","USD","-"
"OOMA","OOMA","Information Technology","Equity","14,136,317.60","0.02","14,136,317.60","644,905.00","21.92","United States","NYSE","USD","1.00","USD","-"
"WVE","WAVE LIFE SCIENCES INC","Health Care","Equity","14,131,873.80","0.02","14,131,873.80","3,568,655.00","3.96","United States","NASDAQ","USD","1.00","USD","-"
"SFST","SOUTHERN FIRST BANCSHARES INC","Financials","Equity","14,108,783.36","0.02","14,108,783.36","234,521.00","60.16","United States","NASDAQ","USD","1.00","USD","-"
"DDD","3D SYSTEMS CORP","Industrials","Equity","14,076,819.47","0.02","14,076,819.47","4,104,029.00","3.43","United States","NYSE","USD","1.00","USD","-"
"IIIN","INSTEEL INDUSTRIES INC","Industrials","Equity","14,080,480.71","0.02","14,080,480.71","483,367.00","29.13","United States","NYSE","USD","1.00","USD","-"
"ALX","ALEXANDERS REIT INC","Real Estate","Equity","14,045,712.12","0.02","14,045,712.12","57,222.00","245.46","United States","NYSE","USD","1.00","USD","-"
"SHAZ","SHARONAI HOLDINGS INC CLASS A","Information Technology","Equity","14,027,187.60","0.02","14,027,187.60","248,709.00","56.40","United States","NASDAQ","USD","1.00","USD","-"
"CLMB","CLIMB GLOBAL SOLUTIONS INC","Information Technology","Equity","13,959,773.48","0.02","13,959,773.48","448,003.00","31.16","United States","NASDAQ","USD","1.00","USD","-"
"HYLN","HYLIION HOLDINGS CORP","Industrials","Equity","13,956,285.00","0.02","13,956,285.00","3,322,925.00","4.20","United States","Nyse Mkt Llc","USD","1.00","USD","-"
"JBSS","JOHN B SANFILIPPO AND SON","Consumer Staples","Equity","13,905,968.85","0.02","13,905,968.85","207,397.00","67.05","United States","NASDAQ","USD","1.00","USD","-"
"RYAM","RAYONIER ADVANCED MATERIALS","Materials","Equity","13,893,591.25","0.02","13,893,591.25","1,587,839.00","8.75","United States","NYSE","USD","1.00","USD","-"
"ADTN","ADTRAN HOLDINGS INC","Information Technology","Equity","13,813,771.02","0.02","13,813,771.02","1,991,892.00","6.93","United States","NASDAQ","USD","1.00","USD","-"
"FOR","FORESTAR GROUP INC","Real Estate","Equity","13,792,232.10","0.02","13,792,232.10","516,563.00","26.70","United States","NYSE","USD","1.00","USD","-"
"CSIQ","CANADIAN SOLAR","Information Technology","Equity","13,769,865.90","0.02","13,769,865.90","1,257,522.00","10.95","China","NASDAQ","USD","1.00","USD","-"
"SGMT","SAGIMET BIOSCIENCES SERIES A","Health Care","Equity","13,738,709.01","0.02","13,738,709.01","1,508,091.00","9.11","United States","NASDAQ","USD","1.00","USD","-"
"HSHP","HIMALAYA SHIPPING LTD","Industrials","Equity","13,715,384.94","0.02","13,715,384.94","760,698.00","18.03","Norway","NYSE","USD","1.00","USD","-"
"XMAX","XMAX INC","Consumer Discretionary","Equity","13,681,972.50","0.02","13,681,972.50","1,563,654.00","8.75","United States","NASDAQ","USD","1.00","USD","-"
"SPT","SPROUT SOCIAL CLASS A","Information Technology","Equity","13,661,353.08","0.02","13,661,353.08","1,405,489.00","9.72","United States","NASDAQ","USD","1.00","USD","-"
"NVEC","NVE CORP","Information Technology","Equity","13,619,205.00","0.02","13,619,205.00","127,700.00","106.65","United States","NASDAQ","USD","1.00","USD","-"
"CXM","SPRINKLR CLASS A","Information Technology","Equity","13,616,484.40","0.02","13,616,484.40","2,569,148.00","5.30","United States","NYSE","USD","1.00","USD","-"
"TCMD","TACTILE SYSTEMS TECHNOLOGY","Health Care","Equity","13,584,825.87","0.02","13,584,825.87","593,483.00","22.89","United States","NASDAQ","USD","1.00","USD","-"
"NMAX","NEWSMAX CLASS B","Communication","Equity","13,542,732.00","0.02","13,542,732.00","1,233,400.00","10.98","United States","NYSE","USD","1.00","USD","-"
"GEF B","GREIF INC CLASS B","Materials","Equity","13,546,056.15","0.02","13,546,056.15","126,045.00","107.47","United States","NYSE","USD","1.00","USD","-"
"OABI","OMNIAB INC","Health Care","Equity","13,517,365.63","0.02","13,517,365.63","2,821,997.00","4.79","United States","NASDAQ","USD","1.00","USD","-"
"AQST","AQUESTIVE THERAPEUTICS","Health Care","Equity","13,472,319.34","0.02","13,472,319.34","2,795,087.00","4.82","United States","NASDAQ","USD","1.00","USD","-"
"HOV","HOVNANIAN ENTERPRISES CLASS A","Consumer Discretionary","Equity","13,463,125.64","0.02","13,463,125.64","119,206.00","112.94","United States","NYSE","USD","1.00","USD","-"
"CERS","CERUS CORP","Health Care","Equity","13,415,968.98","0.02","13,415,968.98","5,140,218.00","2.61","United States","NASDAQ","USD","1.00","USD","-"
"RRBI","RED RIVER BANCSHARES INC","Financials","Equity","13,370,957.60","0.02","13,370,957.60","133,576.00","100.10","United States","NASDAQ","USD","1.00","USD","-"
"RHLD","RESOLUTE HOLDINGS MANAGEMENT INC","Industrials","Equity","13,345,425.00","0.02","13,345,425.00","104,670.00","127.50","United States","NYSE","USD","1.00","USD","-"
"MEI","METHODE ELECTRONICS","Information Technology","Equity","13,320,550.88","0.02","13,320,550.88","914,873.00","14.56","United States","NYSE","USD","1.00","USD","-"
"GDYN","GRID DYNAMICS HOLDINGS CLASS A","Information Technology","Equity","13,271,531.40","0.02","13,271,531.40","1,721,340.00","7.71","United States","NASDAQ","USD","1.00","USD","-"
"CTMX","CYTOMX THERAPEUTICS","Health Care","Equity","13,247,426.50","0.02","13,247,426.50","4,817,246.00","2.75","United States","NASDAQ","USD","1.00","USD","-"
"UHT","UNIVERSAL HEALTH REALTY INCOME TRU","Real Estate","Equity","13,224,537.28","0.02","13,224,537.28","341,896.00","38.68","United States","NYSE","USD","1.00","USD","-"
"CVLG","COVENANT LOGISTICS GROUP INC CLASS","Industrials","Equity","13,203,681.96","0.02","13,203,681.96","398,181.00","33.16","United States","NYSE","USD","1.00","USD","-"
"NVRI","ENVIRI CORP","Industrials","Equity","13,208,144.83","0.02","13,208,144.83","679,781.00","19.43","United States","NYSE","USD","1.00","USD","-"
"HNRG","HALLADOR ENERGY","Utilities","Equity","13,192,607.28","0.02","13,192,607.28","907,332.00","14.54","United States","NASDAQ","USD","1.00","USD","-"
"MOV","MOVADO GROUP INC","Consumer Discretionary","Equity","13,177,004.70","0.02","13,177,004.70","394,285.00","33.42","United States","NYSE","USD","1.00","USD","-"
"AVLN","AVALYN PHARMA INC","Health Care","Equity","13,142,963.95","0.02","13,142,963.95","460,349.00","28.55","United States","NASDAQ","USD","1.00","USD","-"
"STTK","SHATTUCK LABS INC","Health Care","Equity","13,113,612.37","0.02","13,113,612.37","2,078,227.00","6.31","United States","NASDAQ","USD","1.00","USD","-"
"PHR","PHREESIA","Health Care","Equity","13,105,950.00","0.02","13,105,950.00","1,310,595.00","10.00","United States","NYSE","USD","1.00","USD","-"
"NB","NIOCORP DEVELOPMENTS","Materials","Equity","13,064,136.36","0.02","13,064,136.36","3,690,434.00","3.54","United States","NASDAQ","USD","1.00","USD","-"
"SANA","SANA BIOTECHNOLOGY","Health Care","Equity","13,065,525.84","0.02","13,065,525.84","4,414,029.00","2.96","United States","NASDAQ","USD","1.00","USD","-"
"BSRR","SIERRA BANCORP","Financials","Equity","13,056,070.95","0.02","13,056,070.95","329,283.00","39.65","United States","NASDAQ","USD","1.00","USD","-"
"HBCP","HOME BANCORP INC","Financials","Equity","13,033,052.60","0.02","13,033,052.60","192,455.00","67.72","United States","NASDAQ","USD","1.00","USD","-"
"EVC","ENTRAVISION COMMUNICATIONS CORP CL","Communication","Equity","13,031,257.20","0.02","13,031,257.20","1,670,674.00","7.80","United States","NYSE","USD","1.00","USD","-"
"EVER","EVERQUOTE CLASS A","Communication","Equity","12,980,606.94","0.02","12,980,606.94","718,749.00","18.06","United States","NASDAQ","USD","1.00","USD","-"
"ARHS","ARHAUS CLASS A","Consumer Discretionary","Equity","12,967,166.83","0.02","12,967,166.83","1,369,289.00","9.47","United States","NASDAQ","USD","1.00","USD","-"
"STLN","STARLING ONCOLOGY","Health Care","Equity","12,917,682.33","0.02","12,917,682.33","1,984,283.00","6.51","United States","NASDAQ","USD","1.00","USD","-"
"ALOY","REALLOYS INC","Materials","Equity","12,924,030.60","0.02","12,924,030.60","1,516,905.00","8.52","United States","NASDAQ","USD","1.00","USD","-"
"FMAO","FARMERS AND MERCHANTS BANCORP INC","Financials","Equity","12,881,371.72","0.02","12,881,371.72","367,724.00","35.03","United States","NASDAQ","USD","1.00","USD","-"
"TITN","TITAN MACHINERY INC","Industrials","Equity","12,875,234.52","0.02","12,875,234.52","548,349.00","23.48","United States","NASDAQ","USD","1.00","USD","-"
"ETD","ETHAN ALLEN INTERIORS","Consumer Discretionary","Equity","12,830,711.75","0.02","12,830,711.75","609,535.00","21.05","United States","NYSE","USD","1.00","USD","-"
"VRRM","VERRA MOBILITY CLASS A","Industrials","Equity","12,789,387.00","0.02","12,789,387.00","3,935,196.00","3.25","United States","NASDAQ","USD","1.00","USD","-"
"SLDP","SOLID POWER CLASS A","Consumer Discretionary","Equity","12,721,593.40","0.02","12,721,593.40","5,413,444.00","2.35","United States","NASDAQ","USD","1.00","USD","-"
"DNA","GINKGO BIOWORKS HOLDINGS CLASS A","Health Care","Equity","12,722,617.75","0.02","12,722,617.75","1,241,231.00","10.25","United States","NYSE","USD","1.00","USD","-"
"HNST","THE HONEST COMPANY","Consumer Staples","Equity","12,692,433.60","0.02","12,692,433.60","2,403,870.00","5.28","United States","NASDAQ","USD","1.00","USD","-"
"PKOH","PARK OHIO HOLDINGS CORP","Industrials","Equity","12,661,656.48","0.02","12,661,656.48","266,449.00","47.52","United States","NASDAQ","USD","1.00","USD","-"
"COFS","CHOICEONE FINANCIAL SERVICES INC","Financials","Equity","12,650,972.73","0.02","12,650,972.73","384,879.00","32.87","United States","NASDAQ","USD","1.00","USD","-"
"CDNL","CARDINAL INFRASTRUCTURE GROUP INC","Industrials","Equity","12,596,906.16","0.02","12,596,906.16","457,404.00","27.54","United States","NASDAQ","USD","1.00","USD","-"
"CLB","CORE LABORATORIES","Energy","Equity","12,587,045.41","0.02","12,587,045.41","1,199,909.00","10.49","United States","NYSE","USD","1.00","USD","-"
"RXT","RACKSPACE TECHNOLOGY INC","Information Technology","Equity","12,539,641.80","0.02","12,539,641.80","2,985,629.00","4.20","United States","NASDAQ","USD","1.00","USD","-"
"HIFS","HINGHAM INSTITUTION FOR SAVINGS","Financials","Equity","12,494,461.98","0.02","12,494,461.98","42,042.00","297.19","United States","NASDAQ","USD","1.00","USD","-"
"BDN","BRANDYWINE REALTY TRUST REIT","Real Estate","Equity","12,473,794.88","0.02","12,473,794.88","4,316,192.00","2.89","United States","NYSE","USD","1.00","USD","-"
"OBT","ORANGE COUNTY BANCORP INC","Financials","Equity","12,443,988.90","0.02","12,443,988.90","332,905.00","37.38","United States","NASDAQ","USD","1.00","USD","-"
"NGNE","NEUROGENE","Health Care","Equity","12,444,875.00","0.02","12,444,875.00","398,236.00","31.25","United States","NASDAQ","USD","1.00","USD","-"
"TROX","TRONOX HOLDINGS PLC","Materials","Equity","12,434,496.49","0.02","12,434,496.49","3,085,483.00","4.03","United States","NYSE","USD","1.00","USD","-"
"GSM","FERROGLOBE PLC","Materials","Equity","12,399,112.90","0.02","12,399,112.90","3,115,355.00","3.98","United States","NASDAQ","USD","1.00","USD","-"
"TRTX","TPG RE FINANCE TRUST INC","Financials","Equity","12,333,735.24","0.02","12,333,735.24","1,863,102.00","6.62","United States","NYSE","USD","1.00","USD","-"
"AHRT","AH REALTY INC","Real Estate","Equity","12,323,313.00","0.02","12,323,313.00","2,033,550.00","6.06","United States","NYSE","USD","1.00","USD","-"
"KELYA","KELLY SERVICES INC CLASS A","Industrials","Equity","12,285,576.24","0.02","12,285,576.24","748,664.00","16.41","United States","NASDAQ","USD","1.00","USD","-"
"ATLC","ATLANTICUS HOLDINGS CORP","Financials","Equity","12,282,084.88","0.02","12,282,084.88","134,392.00","91.39","United States","NASDAQ","USD","1.00","USD","-"
"CARS","CARS.COM INC","Communication","Equity","12,209,362.01","0.02","12,209,362.01","1,150,741.00","10.61","United States","NYSE","USD","1.00","USD","-"
"NHP","NATIONAL HEALTHCARE PROPERTIES CLA","Real Estate","Equity","12,202,030.26","0.02","12,202,030.26","752,283.00","16.22","United States","NASDAQ","USD","1.00","USD","-"
"WTBA","WEST BANCORPORATION INC","Financials","Equity","12,196,344.87","0.02","12,196,344.87","420,129.00","29.03","United States","NASDAQ","USD","1.00","USD","-"
"WNC","WABASH NATIONAL","Industrials","Equity","12,187,135.66","0.02","12,187,135.66","1,040,746.00","11.71","United States","NYSE","USD","1.00","USD","-"
"AMSF","AMERISAFE INC","Financials","Equity","12,175,080.62","0.02","12,175,080.62","510,914.00","23.83","United States","NASDAQ","USD","1.00","USD","-"
"YORW","YORK WATER","Utilities","Equity","12,070,241.04","0.02","12,070,241.04","392,592.00","30.75","United States","NASDAQ","USD","1.00","USD","-"
"CTGO","CONTANGO SILVER AND GOLD INC","Materials","Equity","12,034,494.57","0.02","12,034,494.57","663,789.00","18.13","United States","Nyse Mkt Llc","USD","1.00","USD","-"
"KRT","KARAT PACKAGING INC","Industrials","Equity","12,011,550.64","0.02","12,011,550.64","221,779.00","54.16","United States","NASDAQ","USD","1.00","USD","-"
"EOLS","EVOLUS INC","Health Care","Equity","11,989,699.02","0.02","11,989,699.02","1,525,407.00","7.86","United States","NASDAQ","USD","1.00","USD","-"
"ARVN","ARVINAS","Health Care","Equity","11,976,642.02","0.02","11,976,642.02","1,537,438.00","7.79","United States","NASDAQ","USD","1.00","USD","-"
"OIS","OIL STATES INTERNATIONAL","Energy","Equity","11,980,867.71","0.02","11,980,867.71","1,441,741.00","8.31","United States","NYSE","USD","1.00","USD","-"
"BRSP","BRIGHTSPIRE CAPITAL CLASS A","Financials","Equity","11,982,509.81","0.02","11,982,509.81","2,929,709.00","4.09","United States","NYSE","USD","1.00","USD","-"
"SB","SAFE BULKERS","Industrials","Equity","11,907,340.50","0.02","11,907,340.50","1,443,314.00","8.25","Monaco","NYSE","USD","1.00","USD","-"
"CSV","CARRIAGE SERVICES INC","Consumer Discretionary","Equity","11,912,198.22","0.02","11,912,198.22","372,489.00","31.98","United States","NYSE","USD","1.00","USD","-"
"CAPR","CAPRICOR THERAPEUTICS","Health Care","Equity","11,903,961.39","0.02","11,903,961.39","1,389,027.00","8.57","United States","NASDAQ","USD","1.00","USD","-"
"SD","SANDRIDGE ENERGY INC","Energy","Equity","11,906,129.95","0.02","11,906,129.95","840,235.00","14.17","United States","NYSE","USD","1.00","USD","-"
"LXFR","LUXFER HOLDINGS PLC","Industrials","Equity","11,887,820.25","0.02","11,887,820.25","689,149.00","17.25","United States","NYSE","USD","1.00","USD","-"
"SCHL","SCHOLASTIC","Communication","Equity","11,824,680.51","0.02","11,824,680.51","339,497.00","34.83","United States","NASDAQ","USD","1.00","USD","-"
"DCTH","DELCATH SYS INC","Health Care","Equity","11,815,149.84","0.02","11,815,149.84","734,773.00","16.08","United States","NASDAQ","USD","1.00","USD","-"
"CMCO","COLUMBUS MCKINNON CORP","Industrials","Equity","11,807,088.86","0.02","11,807,088.86","736,562.00","16.03","United States","NASDAQ","USD","1.00","USD","-"
"WEAV","WEAVE COMMUNICATIONS INC","Information Technology","Equity","11,761,219.64","0.02","11,761,219.64","1,602,346.00","7.34","United States","NYSE","USD","1.00","USD","-"
"XRN","CHIRON REAL ESTATE INC","Real Estate","Equity","11,764,285.10","0.02","11,764,285.10","328,795.00","35.78","United States","NYSE","USD","1.00","USD","-"
"RBB","RBB BANCORP","Financials","Equity","11,766,097.35","0.02","11,766,097.35","444,843.00","26.45","United States","NASDAQ","USD","1.00","USD","-"
"RPC","RIDGEPOST CAPITAL INC CLASS A","Financials","Equity","11,752,317.40","0.02","11,752,317.40","1,588,151.00","7.40","United States","NYSE","USD","1.00","USD","-"
"NXRT","NEXPOINT RESIDENTIAL TRUST INC","Real Estate","Equity","11,728,252.76","0.02","11,728,252.76","581,182.00","20.18","United States","NYSE","USD","1.00","USD","-"
"IDR","IDAHO STRATEGIC RESOURCES INC","Materials","Equity","11,690,063.20","0.02","11,690,063.20","392,284.00","29.80","United States","Nyse Mkt Llc","USD","1.00","USD","-"
"RWT","REDWOOD TRUST REIT","Financials","Equity","11,636,829.76","0.02","11,636,829.76","3,162,182.00","3.68","United States","NYSE","USD","1.00","USD","-"
"FPI","FARMLAND PARTNERS INC","Real Estate","Equity","11,603,315.40","0.02","11,603,315.40","1,084,422.00","10.70","United States","NYSE","USD","1.00","USD","-"
"CZNC","CITIZENS AND NORTHERN CORP","Financials","Equity","11,585,756.00","0.02","11,585,756.00","454,700.00","25.48","United States","NASDAQ","USD","1.00","USD","-"
"PACB","PACIFIC BIOSCIENCES OF CALIFORNIA","Health Care","Equity","11,518,920.48","0.01","11,518,920.48","7,290,456.00","1.58","United States","NASDAQ","USD","1.00","USD","-"
"MNTN","MNTN CLASS A","Communication","Equity","11,489,801.04","0.01","11,489,801.04","1,053,144.00","10.91","United States","NYSE","USD","1.00","USD","-"
"NVCT","NUVECTIS PHARMA INC","Health Care","Equity","11,467,901.55","0.01","11,467,901.55","530,185.00","21.63","United States","NASDAQ","USD","1.00","USD","-"
"ALLO","ALLOGENE THERAPEUTICS","Health Care","Equity","11,454,221.05","0.01","11,454,221.05","6,858,815.00","1.67","United States","NASDAQ","USD","1.00","USD","-"
"PBYI","PUMA BIOTECHNOLOGY INC","Health Care","Equity","11,444,355.66","0.01","11,444,355.66","1,165,413.00","9.82","United States","NASDAQ","USD","1.00","USD","-"
"ITIC","INVESTORS TITLE","Financials","Equity","11,445,077.80","0.01","11,445,077.80","39,845.00","287.24","United States","NASDAQ","USD","1.00","USD","-"
"TATT","TAT TECHNOLOGIES LTD","Industrials","Equity","11,393,966.87","0.01","11,393,966.87","304,733.00","37.39","Israel","NASDAQ","USD","1.00","USD","-"
"MBUU","MALIBU BOATS CLASS A INC","Consumer Discretionary","Equity","11,375,211.10","0.01","11,375,211.10","485,705.00","23.42","United States","NASDAQ","USD","1.00","USD","-"
"FWDI","FORWARD INDUSTRIES INC","Information Technology","Equity","11,370,028.00","0.01","11,370,028.00","1,361,680.00","8.35","United States","NASDAQ","USD","1.00","USD","-"
"TBLA","TABOOLA.COM LTD","Communication","Equity","11,321,323.35","0.01","11,321,323.35","3,281,543.00","3.45","United States","NASDAQ","USD","1.00","USD","-"
"ALMR","ALAMAR BIOSCIENCES INC","Health Care","Equity","11,304,002.40","0.01","11,304,002.40","340,482.00","33.20","United States","NASDAQ","USD","1.00","USD","-"
"BWB","BRIDGEWATER BANCSHARES INC","Financials","Equity","11,294,961.04","0.01","11,294,961.04","546,178.00","20.68","United States","NASDAQ","USD","1.00","USD","-"
"CLYM","CLIMB BIO INC","Health Care","Equity","11,254,146.58","0.01","11,254,146.58","946,522.00","11.89","United States","NASDAQ","USD","1.00","USD","-"
"CBAN","COLONY BANKCORP INC","Financials","Equity","11,230,315.94","0.01","11,230,315.94","541,481.00","20.74","United States","NYSE","USD","1.00","USD","-"
"IBEX","IBEX LTD","Industrials","Equity","11,234,736.46","0.01","11,234,736.46","259,943.00","43.22","United States","NASDAQ","USD","1.00","USD","-"
"ODD","ODDITY TECH CLASS A","Consumer Staples","Equity","11,219,897.91","0.01","11,219,897.91","620,913.00","18.07","Israel","NASDAQ","USD","1.00","USD","-"
"HTLD","HEARTLAND EXPRESS INC","Industrials","Equity","11,197,164.63","0.01","11,197,164.63","984,799.00","11.37","United States","NASDAQ","USD","1.00","USD","-"
"VLGEA","VILLAGE SUPER MARKET INC CLASS A","Consumer Staples","Equity","11,199,802.32","0.01","11,199,802.32","244,644.00","45.78","United States","NASDAQ","USD","1.00","USD","-"
"PLBC","PLUMAS BANCORP","Financials","Equity","11,050,345.44","0.01","11,050,345.44","179,622.00","61.52","United States","NASDAQ","USD","1.00","USD","-"
"ILPT","INDUSTRIAL LOGISTICS PROPERTIES TR","Real Estate","Equity","11,033,366.56","0.01","11,033,366.56","1,467,203.00","7.52","United States","NASDAQ","USD","1.00","USD","-"
"SPCE","VIRGIN GALACTIC HOLDINGS INC SHS C","Industrials","Equity","11,026,528.00","0.01","11,026,528.00","3,445,790.00","3.20","United States","NYSE","USD","1.00","USD","-"
"SPIR","SPIRE GLOBAL CLASS A","Industrials","Equity","10,983,991.46","0.01","10,983,991.46","895,921.00","12.26","United States","NYSE","USD","1.00","USD","-"
"ASIX","ADVANSIX","Materials","Equity","10,945,966.50","0.01","10,945,966.50","694,982.00","15.75","United States","NYSE","USD","1.00","USD","-"
"RGNX","REGENXBIO","Health Care","Equity","10,904,670.80","0.01","10,904,670.80","1,506,170.00","7.24","United States","NASDAQ","USD","1.00","USD","-"
"BMRC","BANK OF MARIN BANCORP","Financials","Equity","10,895,510.46","0.01","10,895,510.46","392,207.00","27.78","United States","NASDAQ","USD","1.00","USD","-"
"URG","UR ENERGY INC","Energy","Equity","10,863,198.50","0.01","10,863,198.50","9,613,450.00","1.13","United States","Nyse Mkt Llc","USD","1.00","USD","-"
"LXRX","LEXICON PHARMACEUTICALS","Health Care","Equity","10,848,483.48","0.01","10,848,483.48","5,832,518.00","1.86","United States","NASDAQ","USD","1.00","USD","-"
"CAL","CALERES INC","Consumer Discretionary","Equity","10,834,462.99","0.01","10,834,462.99","867,451.00","12.49","United States","NYSE","USD","1.00","USD","-"
"EDIT","EDITAS MEDICINE","Health Care","Equity","10,799,335.25","0.01","10,799,335.25","3,927,031.00","2.75","United States","NASDAQ","USD","1.00","USD","-"
"FTK","FLOTEK INDUSTRIES INC","Materials","Equity","10,779,156.15","0.01","10,779,156.15","372,337.00","28.95","United States","NYSE","USD","1.00","USD","-"
"CWCO","CONSOLIDATED WATER LTD","Utilities","Equity","10,765,729.37","0.01","10,765,729.37","386,839.00","27.83","United States","NASDAQ","USD","1.00","USD","-"
"BWFG","BANKWELL FINANCIAL GROUP INC","Financials","Equity","10,750,740.00","0.01","10,750,740.00","162,890.00","66.00","United States","NASDAQ","USD","1.00","USD","-"
"ACCO","ACCO BRANDS CORP","Industrials","Equity","10,689,481.80","0.01","10,689,481.80","2,485,926.00","4.30","United States","NYSE","USD","1.00","USD","-"
"BATRA","ATLANTA BRAVES HOLDINGS SERIES A","Communication","Equity","10,691,573.75","0.01","10,691,573.75","181,675.00","58.85","United States","NASDAQ","USD","1.00","USD","-"
"GTN","GRAY MEDIA INC","Communication","Equity","10,667,092.92","0.01","10,667,092.92","2,334,156.00","4.57","United States","NYSE","USD","1.00","USD","-"
"UNTY","UNITY BANCORP INC","Financials","Equity","10,635,311.28","0.01","10,635,311.28","192,216.00","55.33","United States","NASDAQ","USD","1.00","USD","-"
"JCAP","JEFFERSON CAPITAL INC","Financials","Equity","10,602,540.78","0.01","10,602,540.78","542,607.00","19.54","United States","NASDAQ","USD","1.00","USD","-"
"AEBI","AEBI SCHMIDT HOLDING AG","Industrials","Equity","10,590,524.34","0.01","10,590,524.34","943,897.00","11.22","United States","NASDAQ","USD","1.00","USD","-"
"GRPN","GROUPON","Consumer Discretionary","Equity","10,567,373.62","0.01","10,567,373.62","505,858.00","20.89","United States","NASDAQ","USD","1.00","USD","-"
"ASPI","ASP ISOTOPES","Materials","Equity","10,557,439.35","0.01","10,557,439.35","3,578,793.00","2.95","United States","NASDAQ","USD","1.00","USD","-"
"WRLD","WORLD ACCEPTANCE CORP","Financials","Equity","10,545,178.50","0.01","10,545,178.50","61,758.00","170.75","United States","NASDAQ","USD","1.00","USD","-"
"OLP","ONE LIBERTY PROPERTIES REIT INC","Real Estate","Equity","10,526,732.08","0.01","10,526,732.08","468,271.00","22.48","United States","NYSE","USD","1.00","USD","-"
"GRND","GRINDR INC","Communication","Equity","10,471,867.11","0.01","10,471,867.11","659,853.00","15.87","United States","NYSE","USD","1.00","USD","-"
"MNPR","MONOPAR THERAPEUTICS","Health Care","Equity","10,473,791.80","0.01","10,473,791.80","117,895.00","88.84","United States","NASDAQ","USD","1.00","USD","-"
"PSIX","POWER SOLUTIONS INTERNATIONAL","Industrials","Equity","10,466,846.00","0.01","10,466,846.00","224,900.00","46.54","United States","NASDAQ","USD","1.00","USD","-"
"LOCO","EL POLLO LOCO INC","Consumer Discretionary","Equity","10,435,099.29","0.01","10,435,099.29","734,349.00","14.21","United States","NASDAQ","USD","1.00","USD","-"
"CPS","COOPER STANDARD HOLDINGS","Consumer Discretionary","Equity","10,436,511.80","0.01","10,436,511.80","469,690.00","22.22","United States","NYSE","USD","1.00","USD","-"
"CBNK","CAPITAL BANCORP INC","Financials","Equity","10,440,244.64","0.01","10,440,244.64","290,168.00","35.98","United States","NASDAQ","USD","1.00","USD","-"
"GLRE","GREENLIGHT CAPITAL LTD CLASS A","Financials","Equity","10,424,394.74","0.01","10,424,394.74","698,218.00","14.93","United States","NASDAQ","USD","1.00","USD","-"
"CENT","CENTRAL GARDEN AND PET","Consumer Staples","Equity","10,402,627.41","0.01","10,402,627.41","263,291.00","39.51","United States","NASDAQ","USD","1.00","USD","-"
"OVID","OVID THERAPEUTICS","Health Care","Equity","10,406,689.91","0.01","10,406,689.91","4,171,018.00","2.50","United States","NASDAQ","USD","1.00","USD","-"
"CLPT","CLEARPOINT NEURO INC","Health Care","Equity","10,401,516.45","0.01","10,401,516.45","711,945.00","14.61","United States","NASDAQ","USD","1.00","USD","-"
"IBTA","IBOTTA CLASS A","Communication","Equity","10,386,530.96","0.01","10,386,530.96","249,197.00","41.68","United States","NYSE","USD","1.00","USD","-"
"CBIO","CRESCENT BIOPHARMA","Health Care","Equity","10,370,094.88","0.01","10,370,094.88","728,237.00","14.24","United States","NASDAQ","USD","1.00","USD","-"
"TWI","TITAN INTERNATIONAL INC","Industrials","Equity","10,356,100.65","0.01","10,356,100.65","1,464,795.00","7.07","United States","NYSE","USD","1.00","USD","-"
"CMCL","CALEDONIA MINING PLC","Materials","Equity","10,351,846.12","0.01","10,351,846.12","433,676.00","23.87","Canada","Nyse Mkt Llc","USD","1.00","USD","-"
"MRAM","EVERSPIN TECHNOLOGIES INC","Information Technology","Equity","10,270,611.72","0.01","10,270,611.72","574,419.00","17.88","United States","NASDAQ","USD","1.00","USD","-"
"FNLC","FIRST BANCORP INC","Financials","Equity","10,245,841.20","0.01","10,245,841.20","299,586.00","34.20","United States","NASDAQ","USD","1.00","USD","-"
"KIDS","ORTHOPEDIATRICS CORP","Health Care","Equity","10,228,253.92","0.01","10,228,253.92","451,778.00","22.64","United States","NASDAQ","USD","1.00","USD","-"
"BOBS","BOBS DISCOUNT FURNITURE INC","Consumer Discretionary","Equity","10,208,674.07","0.01","10,208,674.07","745,703.00","13.69","United States","NYSE","USD","1.00","USD","-"
"FRBA","FIRST BANK","Financials","Equity","10,197,415.52","0.01","10,197,415.52","579,728.00","17.59","United States","NASDAQ","USD","1.00","USD","-"
"IPI","INTREPID POTASH INC","Materials","Equity","10,185,763.84","0.01","10,185,763.84","284,201.00","35.84","United States","NYSE","USD","1.00","USD","-"
"NGVC","NATURAL GROCERS BY VITAMIN COTTAGE","Consumer Staples","Equity","10,175,624.19","0.01","10,175,624.19","339,527.00","29.97","United States","NYSE","USD","1.00","USD","-"
"XRX","XEROX HOLDINGS CORP","Information Technology","Equity","10,165,372.88","0.01","10,165,372.88","3,057,255.00","3.33","United States","NASDAQ","USD","1.00","USD","-"
"CHCT","COMMUNITY HEALTHCARE TRUST INC","Real Estate","Equity","10,142,441.46","0.01","10,142,441.46","708,766.00","14.31","United States","NYSE","USD","1.00","USD","-"
"METC","RAMACO RESOURCES INC CLASS A","Materials","Equity","10,139,102.54","0.01","10,139,102.54","1,109,311.00","9.14","United States","NASDAQ","USD","1.00","USD","-"
"MAGN","MAGNERA","Materials","Equity","10,130,102.85","0.01","10,130,102.85","854,861.00","11.85","United States","NYSE","USD","1.00","USD","-"
"EVH","EVOLENT HEALTH CLASS A","Health Care","Equity","10,115,015.68","0.01","10,115,015.68","2,873,584.00","3.52","United States","NYSE","USD","1.00","USD","-"
"LAND","GLADSTONE LAND REIT CORP","Real Estate","Equity","10,070,854.43","0.01","10,070,854.43","1,061,207.00","9.49","United States","NASDAQ","USD","1.00","USD","-"
"KARD","KARDIGAN INC","Health Care","Equity","10,060,279.24","0.01","10,060,279.24","699,116.00","14.39","United States","NASDAQ","USD","1.00","USD","-"
"GENB","GENERATE BIOMEDICINES INC","Health Care","Equity","10,046,421.06","0.01","10,046,421.06","628,294.00","15.99","United States","NASDAQ","USD","1.00","USD","-"
"PDLB","PONCE FINANCIAL GROUP INC","Financials","Equity","9,968,603.57","0.01","9,968,603.57","491,791.00","20.27","United States","NASDAQ","USD","1.00","USD","-"
"VGZ","VISTA GOLD CORP","Materials","Equity","9,940,382.98","0.01","9,940,382.98","3,668,038.00","2.71","United States","Nyse Mkt Llc","USD","1.00","USD","-"
"SENS","SENSEONICS HOLDINGS INC","Health Care","Equity","9,938,590.86","0.01","9,938,590.86","961,179.00","10.34","United States","NASDAQ","USD","1.00","USD","-"
"DSGN","DESIGN THERAPEUTICS","Health Care","Equity","9,909,198.00","0.01","9,909,198.00","809,575.00","12.24","United States","NASDAQ","USD","1.00","USD","-"
"BFS","SAUL CENTERS REIT INC","Real Estate","Equity","9,891,513.90","0.01","9,891,513.90","331,374.00","29.85","United States","NYSE","USD","1.00","USD","-"
"AADX","APPLIED AEROSPACE AND DEFENSE INC","Industrials","Equity","9,874,710.30","0.01","9,874,710.30","775,095.00","12.74","United States","NYSE","USD","1.00","USD","-"
"FLGT","FULGENT GENETICS","Health Care","Equity","9,861,948.05","0.01","9,861,948.05","457,631.00","21.55","United States","NASDAQ","USD","1.00","USD","-"
"PKBK","PARKE BANCORP INC","Financials","Equity","9,794,612.34","0.01","9,794,612.34","289,953.00","33.78","United States","NASDAQ","USD","1.00","USD","-"
"WTI","W AND T OFFSHORE","Energy","Equity","9,790,199.06","0.01","9,790,199.06","2,536,321.00","3.86","United States","NYSE","USD","1.00","USD","-"
"FRST","PRIMIS FINANCIAL CORP","Financials","Equity","9,782,148.17","0.01","9,782,148.17","627,463.00","15.59","United States","NASDAQ","USD","1.00","USD","-"
"CZFS","CITIZENS FINANCIAL SERVICES INC","Financials","Equity","9,771,314.09","0.01","9,771,314.09","123,173.00","79.33","United States","NASDAQ","USD","1.00","USD","-"
"HVT","HAVERTY FURNITURE COMPANIES INC","Consumer Discretionary","Equity","9,775,354.08","0.01","9,775,354.08","352,392.00","27.74","United States","NYSE","USD","1.00","USD","-"
"ARCT","ARCTURUS THERAPEUTICS HOLDINGS INC","Health Care","Equity","9,747,021.88","0.01","9,747,021.88","690,299.00","14.12","United States","NASDAQ","USD","1.00","USD","-"
"NGS","NATURAL GAS SERVICES GROUP","Energy","Equity","9,742,747.50","0.01","9,742,747.50","292,575.00","33.30","United States","NYSE","USD","1.00","USD","-"
"DRUG","BRIGHT MINDS BIOSCIENCES","Health Care","Equity","9,712,279.04","0.01","9,712,279.04","181,504.00","53.51","United States","NASDAQ","USD","1.00","USD","-"
"CTRN","CITI TRENDS INC","Consumer Discretionary","Equity","9,705,919.29","0.01","9,705,919.29","193,847.00","50.07","United States","NASDAQ","USD","1.00","USD","-"
"CCOI","COGENT COMMUNICATIONS HOLDINGS","Communication","Equity","9,685,128.68","0.01","9,685,128.68","1,267,687.00","7.64","United States","NASDAQ","USD","1.00","USD","-"
"ISTR","INVESTAR HOLDING CORP","Financials","Equity","9,679,714.80","0.01","9,679,714.80","329,242.00","29.40","United States","NASDAQ","USD","1.00","USD","-"
"AIOT","POWERFLEET","Information Technology","Equity","9,658,569.26","0.01","9,658,569.26","3,412,922.00","2.83","United States","NASDAQ","USD","1.00","USD","-"
"MYGN","MYRIAD GENETICS","Health Care","Equity","9,648,464.58","0.01","9,648,464.58","2,330,547.00","4.14","United States","NASDAQ","USD","1.00","USD","-"
"OXM","OXFORD INDUSTRIES INC","Consumer Discretionary","Equity","9,621,993.81","0.01","9,621,993.81","369,083.00","26.07","United States","NYSE","USD","1.00","USD","-"
"MVBF","MVB FINANCIAL CORP","Financials","Equity","9,602,454.00","0.01","9,602,454.00","322,230.00","29.80","United States","NASDAQ","USD","1.00","USD","-"
"DGICA","DONEGAL GROUP INC CLASS A","Financials","Equity","9,602,862.08","0.01","9,602,862.08","535,874.00","17.92","United States","NASDAQ","USD","1.00","USD","-"
"FSTR","LB FOSTER","Industrials","Equity","9,605,420.16","0.01","9,605,420.16","256,008.00","37.52","United States","NASDAQ","USD","1.00","USD","-"
"MG","MISTRAS GROUP INC","Industrials","Equity","9,599,555.86","0.01","9,599,555.86","448,997.00","21.38","United States","NYSE","USD","1.00","USD","-"
"NPCE","NEUROPACE","Health Care","Equity","9,540,140.94","0.01","9,540,140.94","682,902.00","13.97","United States","NASDAQ","USD","1.00","USD","-"
"AVIR","ATEA PHARMACEUTICALS","Health Care","Equity","9,410,066.93","0.01","9,410,066.93","1,820,129.00","5.17","United States","NASDAQ","USD","1.00","USD","-"
"REAX","REAL REMAX GROUP","Real Estate","Equity","9,404,564.40","0.01","9,404,564.40","607,530.00","15.48","United States","NASDAQ","USD","1.00","USD","-"
"AMCX","AMC GLOBAL MEDIA CLASS A","Communication","Equity","9,396,536.76","0.01","9,396,536.76","781,092.00","12.03","United States","NASDAQ","USD","1.00","USD","-"
"OFIX","ORTHOFIX MEDICAL","Health Care","Equity","9,361,373.44","0.01","9,361,373.44","1,021,984.00","9.16","United States","NASDAQ","USD","1.00","USD","-"
"MCFT","MASTERCRAFT BOAT HOLDINGS INC","Consumer Discretionary","Equity","9,297,071.70","0.01","9,297,071.70","456,410.00","20.37","United States","NASDAQ","USD","1.00","USD","-"
"OPRT","OPORTUN FINANCIAL CORP","Financials","Equity","9,298,838.60","0.01","9,298,838.60","1,120,342.00","8.30","United States","NASDAQ","USD","1.00","USD","-"
"DIN","DINE BRANDS GLOBAL","Consumer Discretionary","Equity","9,284,824.56","0.01","9,284,824.56","320,056.00","29.01","United States","NYSE","USD","1.00","USD","-"
"EBS","EMERGENT BIOSOLUTIONS","Health Care","Equity","9,282,279.30","0.01","9,282,279.30","1,371,090.00","6.77","United States","NYSE","USD","1.00","USD","-"
"ASPN","ASPEN AEROGELS","Materials","Equity","9,273,463.00","0.01","9,273,463.00","1,749,710.00","5.30","United States","NYSE","USD","1.00","USD","-"
"CYH","COMMUNITY HEALTH SYSTEMS INC","Health Care","Equity","9,255,064.32","0.01","9,255,064.32","3,213,564.00","2.88","United States","NYSE","USD","1.00","USD","-"
"CRNC","CERENCE","Information Technology","Equity","9,259,194.88","0.01","9,259,194.88","1,167,616.00","7.93","United States","NASDAQ","USD","1.00","USD","-"
"NECB","NORTHEAST COMMUNITY BANCORP INC","Financials","Equity","9,223,407.02","0.01","9,223,407.02","346,354.00","26.63","United States","NASDAQ","USD","1.00","USD","-"
"NWFL","NORWOOD FINANCIAL CORP","Financials","Equity","9,219,877.92","0.01","9,219,877.92","273,912.00","33.66","United States","NASDAQ","USD","1.00","USD","-"
"RLMD","RELMADA THERAPEUTICS INC","Health Care","Equity","9,200,384.19","0.01","9,200,384.19","2,414,799.00","3.81","United States","NASDAQ","USD","1.00","USD","-"
"SRTA","STRATA CRITICAL MEDICAL CLASS A","Health Care","Equity","9,205,261.83","0.01","9,205,261.83","1,746,729.00","5.27","United States","NASDAQ","USD","1.00","USD","-"
"PRTA","PROTHENA PLC","Health Care","Equity","9,196,545.28","0.01","9,196,545.28","1,105,354.00","8.32","United States","NASDAQ","USD","1.00","USD","-"
"MASS","908 DEVICES","Information Technology","Equity","9,184,792.32","0.01","9,184,792.32","797,291.00","11.52","United States","NASDAQ","USD","1.00","USD","-"
"BELFA","BEL FUSE CLASS A","Information Technology","Equity","9,153,329.55","0.01","9,153,329.55","45,057.00","203.15","United States","NASDAQ","USD","1.00","USD","-"
"AVBC","AVIDIA BANCORP INC","Financials","Equity","9,146,152.44","0.01","9,146,152.44","421,676.00","21.69","United States","NYSE","USD","1.00","USD","-"
"ULCC","FRONTIER GROUP HOLDINGS","Industrials","Equity","9,152,325.00","0.01","9,152,325.00","1,564,500.00","5.85","United States","NASDAQ","USD","1.00","USD","-"
"ERII","ENERGY RECOVERY","Industrials","Equity","9,110,284.29","0.01","9,110,284.29","1,333,863.00","6.83","United States","NASDAQ","USD","1.00","USD","-"
"HY","HYSTER YALE INC CLASS A","Industrials","Equity","9,070,048.62","0.01","9,070,048.62","294,291.00","30.82","United States","NYSE","USD","1.00","USD","-"
"TSBK","TIMBERLAND BANCORP INC","Financials","Equity","9,039,438.10","0.01","9,039,438.10","200,431.00","45.10","United States","NASDAQ","USD","1.00","USD","-"
"LFTO","LIFTOFF MOBILE INC","Communication","Equity","9,039,678.48","0.01","9,039,678.48","567,819.00","15.92","United States","NASDAQ","USD","1.00","USD","-"
"MEC","MAYVILLE ENGINEERING COMPANY INC","Industrials","Equity","9,019,409.10","0.01","9,019,409.10","537,830.00","16.77","United States","NYSE","USD","1.00","USD","-"
"SVV","SAVERS VALUE VILLAGE","Consumer Discretionary","Equity","8,992,330.44","0.01","8,992,330.44","971,094.00","9.26","United States","NYSE","USD","1.00","USD","-"
"PHAT","PHATHOM PHARMACEUTICALS","Health Care","Equity","8,982,020.76","0.01","8,982,020.76","1,268,647.00","7.08","United States","NASDAQ","USD","1.00","USD","-"
"CABA","CABALETTA BIO","Health Care","Equity","8,972,493.35","0.01","8,972,493.35","4,163,570.00","2.15","United States","NASDAQ","USD","1.00","USD","-"
"MNRO","MONRO","Consumer Discretionary","Equity","8,972,615.64","0.01","8,972,615.64","641,818.00","13.98","United States","NASDAQ","USD","1.00","USD","-"
"VITL","VITAL FARMS INC","Consumer Staples","Equity","8,938,811.72","0.01","8,938,811.72","885,908.00","10.09","United States","NASDAQ","USD","1.00","USD","-"
"CD","CHAINCE DIGITAL HOLDINGS INC","Financials","Equity","8,942,383.56","0.01","8,942,383.56","1,729,668.00","5.17","United States","NASDAQ","USD","1.00","USD","-"
"PCB","PCB BANCORP","Financials","Equity","8,896,438.98","0.01","8,896,438.98","323,037.00","27.54","United States","NASDAQ","USD","1.00","USD","-"
"SWIM","LATHAM GROUP INC","Consumer Discretionary","Equity","8,897,530.25","0.01","8,897,530.25","1,428,175.00","6.23","United States","NASDAQ","USD","1.00","USD","-"
"AGNT","AGNT","Real Estate","Equity","8,897,848.61","0.01","8,897,848.61","2,520,637.00","3.53","United States","NASDAQ","USD","1.00","USD","-"
"SGHT","SIGHT SCIENCES","Health Care","Equity","8,863,660.12","0.01","8,863,660.12","1,021,159.00","8.68","United States","NASDAQ","USD","1.00","USD","-"
"OCGN","OCUGEN","Health Care","Equity","8,839,206.00","0.01","8,839,206.00","8,839,206.00","1.00","United States","NASDAQ","USD","1.00","USD","-"
"CTNM","CONTINEUM THERAPEUTICS CLASS A","Health Care","Equity","8,839,660.11","0.01","8,839,660.11","707,739.00","12.49","United States","NASDAQ","USD","1.00","USD","-"
"FVR","FRONTVIEW REIT","Real Estate","Equity","8,841,947.36","0.01","8,841,947.36","485,288.00","18.22","United States","NYSE","USD","1.00","USD","-"
"EMBC","EMBECTA","Health Care","Equity","8,811,019.14","0.01","8,811,019.14","1,567,797.00","5.62","United States","NASDAQ","USD","1.00","USD","-"
"TTAM","TITAN AMERICA SA","Materials","Equity","8,762,163.30","0.01","8,762,163.30","647,610.00","13.53","Belgium","NYSE","USD","1.00","USD","-"
"CHMG","CHEMUNG FINANCIAL CORP","Financials","Equity","8,755,308.95","0.01","8,755,308.95","106,655.00","82.09","United States","NASDAQ","USD","1.00","USD","-"
"ENTA","ENANTA PHARMACEUTICALS INC","Health Care","Equity","8,757,324.00","0.01","8,757,324.00","729,777.00","12.00","United States","NASDAQ","USD","1.00","USD","-"
"MH","MCGRAW HILL","Consumer Discretionary","Equity","8,733,398.60","0.01","8,733,398.60","637,940.00","13.69","United States","NYSE","USD","1.00","USD","-"
"CRCT","CRICUT CLASS A","Consumer Discretionary","Equity","8,698,670.40","0.01","8,698,670.40","1,469,370.00","5.92","United States","NASDAQ","USD","1.00","USD","-"
"AURA","AURA BIOSCIENCES","Health Care","Equity","8,681,512.20","0.01","8,681,512.20","1,411,628.00","6.15","United States","NASDAQ","USD","1.00","USD","-"
"GCO","GENESCO INC","Consumer Discretionary","Equity","8,664,416.15","0.01","8,664,416.15","251,507.00","34.45","United States","NYSE","USD","1.00","USD","-"
"ORN","ORION GROUP INC","Industrials","Equity","8,638,359.84","0.01","8,638,359.84","1,013,892.00","8.52","United States","NYSE","USD","1.00","USD","-"
"FIP","FTAI INFRASTRUCTURE","Industrials","Equity","8,634,779.43","0.01","8,634,779.43","2,794,427.00","3.09","United States","NASDAQ","USD","1.00","USD","-"
"IRD","OPUS GENETICS INC","Health Care","Equity","8,607,369.49","0.01","8,607,369.49","1,767,427.00","4.87","United States","NASDAQ","USD","1.00","USD","-"
"TRC","TEJON RANCH","Real Estate","Equity","8,577,751.62","0.01","8,577,751.62","527,537.00","16.26","United States","NYSE","USD","1.00","USD","-"
"OEC","ORION SA","Materials","Equity","8,570,360.96","0.01","8,570,360.96","1,423,648.00","6.02","United States","NYSE","USD","1.00","USD","-"
"RMR","RMR GROUP CLASS A","Real Estate","Equity","8,547,754.56","0.01","8,547,754.56","455,152.00","18.78","United States","NASDAQ","USD","1.00","USD","-"
"SERV","SERVE ROBOTICS","Consumer Discretionary","Equity","8,529,983.99","0.01","8,529,983.99","1,891,349.00","4.51","United States","NASDAQ","USD","1.00","USD","-"
"FOSL","FOSSIL GROUP INC","Consumer Discretionary","Equity","8,487,121.50","0.01","8,487,121.50","1,450,790.00","5.85","United States","NASDAQ","USD","1.00","USD","-"
"NEWT","NEWTEKONE","Financials","Equity","8,466,332.90","0.01","8,466,332.90","749,233.00","11.30","United States","NASDAQ","USD","1.00","USD","-"
"VOXR","VOX ROYALTY CORP","Materials","Equity","8,468,825.40","0.01","8,468,825.40","1,568,301.00","5.40","Canada","NASDAQ","USD","1.00","USD","-"
"CVEO","CIVEO CORP","Industrials","Equity","8,470,407.00","0.01","8,470,407.00","256,679.00","33.00","United States","NYSE","USD","1.00","USD","-"
"GEVO","GEVO","Energy","Equity","8,460,916.80","0.01","8,460,916.80","6,043,512.00","1.40","United States","NASDAQ","USD","1.00","USD","-"
"GNE","GENIE ENERGY LTD CLASS B","Utilities","Equity","8,458,055.61","0.01","8,458,055.61","535,659.00","15.79","United States","NYSE","USD","1.00","USD","-"
"AVEX","AEVEX CORP CLASS A","Industrials","Equity","8,409,655.68","0.01","8,409,655.68","504,176.00","16.68","United States","NYSE","USD","1.00","USD","-"
"FWRD","FORWARD AIR CORP","Industrials","Equity","8,400,582.25","0.01","8,400,582.25","569,531.00","14.75","United States","NASDAQ","USD","1.00","USD","-"
"BCML","BAYCOM CORP","Financials","Equity","8,371,674.36","0.01","8,371,674.36","277,116.00","30.21","United States","NASDAQ","USD","1.00","USD","-"
"RCKY","ROCKY BRANDS INC","Consumer Discretionary","Equity","8,338,146.87","0.01","8,338,146.87","186,661.00","44.67","United States","NASDAQ","USD","1.00","USD","-"
"AGEN","AGENUS INC","Health Care","Equity","8,321,831.50","0.01","8,321,831.50","979,039.00","8.50","United States","NASDAQ","USD","1.00","USD","-"
"CWH","CAMPING WORLD HOLDINGS INC CLASS A","Consumer Discretionary","Equity","8,315,324.58","0.01","8,315,324.58","1,602,182.00","5.19","United States","NYSE","USD","1.00","USD","-"
"EGHT","8X8 INC","Information Technology","Equity","8,295,627.24","0.01","8,295,627.24","3,638,433.00","2.28","United States","NASDAQ","USD","1.00","USD","-"
"IIIV","I3 VERTICALS CLASS A","Information Technology","Equity","8,284,567.67","0.01","8,284,567.67","547,559.00","15.13","United States","NASDAQ","USD","1.00","USD","-"
"GMRS","GMR SOLUTIONS INC CLASS A","Health Care","Equity","8,251,488.92","0.01","8,251,488.92","766,867.00","10.76","United States","NYSE","USD","1.00","USD","-"
"DSGR","DISTRIBUTION SOLUTIONS GROUP","Industrials","Equity","8,213,809.20","0.01","8,213,809.20","235,016.00","34.95","United States","NASDAQ","USD","1.00","USD","-"
"EROC","EROCK INC CLASS A","Industrials","Equity","8,207,179.74","0.01","8,207,179.74","680,529.00","12.06","United States","NYSE","USD","1.00","USD","-"
"BRUN","BOOST RUN INC CLASS A","Information Technology","Equity","8,189,606.48","0.01","8,189,606.48","489,809.00","16.72","United States","NASDAQ","USD","1.00","USD","-"
"CLW","CLEARWATER PAPER CORP","Materials","Equity","8,187,904.34","0.01","8,187,904.34","403,942.00","20.27","United States","NYSE","USD","1.00","USD","-"
"STRT","STRATTEC SECURITY CORP","Consumer Discretionary","Equity","8,160,337.90","0.01","8,160,337.90","124,055.00","65.78","United States","NASDAQ","USD","1.00","USD","-"
"CLFD","CLEARFIELD INC","Information Technology","Equity","8,164,027.30","0.01","8,164,027.30","267,410.00","30.53","United States","NASDAQ","USD","1.00","USD","-"
"FSBW","FS BANCORP INC","Financials","Equity","8,156,152.25","0.01","8,156,152.25","184,299.00","44.26","United States","NASDAQ","USD","1.00","USD","-"
"AII","AMERICAN INTEGRITY INSURANCE GROUP","Financials","Equity","8,157,425.18","0.01","8,157,425.18","322,046.00","25.33","United States","NYSE","USD","1.00","USD","-"
"WSBF","WATERSTONE FINANCIAL INC","Financials","Equity","8,122,574.56","0.01","8,122,574.56","399,733.00","20.32","United States","NASDAQ","USD","1.00","USD","-"
"SSMR","SUNSHINE SILVER MINING AND REFININ","Materials","Equity","8,108,727.16","0.01","8,108,727.16","529,636.00","15.31","United States","NYSE","USD","1.00","USD","-"
"ARKO","ARKO","Consumer Discretionary","Equity","8,086,287.96","0.01","8,086,287.96","1,911,652.00","4.23","United States","NASDAQ","USD","1.00","USD","-"
"MPTI","M TRON INDUSTRIES INC","Information Technology","Equity","8,076,308.85","0.01","8,076,308.85","108,189.00","74.65","United States","Nyse Mkt Llc","USD","1.00","USD","-"
"NPB","NORTHPOINTE BANCSHARES INC","Financials","Equity","8,069,049.85","0.01","8,069,049.85","525,671.00","15.35","United States","NYSE","USD","1.00","USD","-"
"BBW","BUILD A BEAR WORKSHOP","Consumer Discretionary","Equity","8,070,101.80","0.01","8,070,101.80","321,518.00","25.10","United States","NYSE","USD","1.00","USD","-"
"RZLT","REZOLUTE","Health Care","Equity","8,071,204.26","0.01","8,071,204.26","2,048,529.00","3.94","United States","NASDAQ","USD","1.00","USD","-"
"CCCC","C4 THERAPEUTICS","Health Care","Equity","8,002,463.31","0.01","8,002,463.31","2,641,077.00","3.03","United States","NASDAQ","USD","1.00","USD","-"
"PESI","PERMA FIX ENVIRONMENTAL SERVICES I","Industrials","Equity","7,960,754.16","0.01","7,960,754.16","511,288.00","15.57","United States","NASDAQ","USD","1.00","USD","-"
"ASMB","ASSEMBLY BIOSCIENCES INC","Health Care","Equity","7,954,846.90","0.01","7,954,846.90","336,215.00","23.66","United States","NASDAQ","USD","1.00","USD","-"
"FENC","FENNEC PHARMACEUTICALS","Health Care","Equity","7,935,540.12","0.01","7,935,540.12","747,226.00","10.62","United States","NASDAQ","USD","1.00","USD","-"
"SLP","SIMULATIONS PLUS","Health Care","Equity","7,936,138.60","0.01","7,936,138.60","429,910.00","18.46","United States","NASDAQ","USD","1.00","USD","-"
"ODTX","ODYSSEY THERAPEUTICS INC","Health Care","Equity","7,930,346.30","0.01","7,930,346.30","397,910.00","19.93","United States","NASDAQ","USD","1.00","USD","-"
"RR","RICHTECH ROBOTICS CLASS B","Industrials","Equity","7,879,909.72","0.01","7,879,909.72","4,804,823.00","1.64","United States","NASDAQ","USD","1.00","USD","-"
"ATLO","AMES NATIONAL CORP","Financials","Equity","7,845,491.16","0.01","7,845,491.16","246,636.00","31.81","United States","NASDAQ","USD","1.00","USD","-"
"KREF","KKR REAL ESTATE FINANCE INC TRUST","Financials","Equity","7,847,992.98","0.01","7,847,992.98","1,253,673.00","6.26","United States","NYSE","USD","1.00","USD","-"
"IMXI","INTERNATIONAL MONEY EXPRESS INC","Financials","Equity","7,839,409.62","0.01","7,839,409.62","741,666.00","10.57","United States","NASDAQ","USD","1.00","USD","-"
"PRTH","PRIORITY TECHNOLOGY HOLDINGS INC","Financials","Equity","7,810,807.09","0.01","7,810,807.09","1,002,671.00","7.79","United States","NASDAQ","USD","1.00","USD","-"
"DFH","DREAM FINDERS HOMES INC CLASS A","Consumer Discretionary","Equity","7,815,167.36","0.01","7,815,167.36","704,704.00","11.09","United States","NYSE","USD","1.00","USD","-"
"REI","RING ENERGY INC","Energy","Equity","7,698,441.15","0.01","7,698,441.15","5,702,549.00","1.35","United States","Nyse Mkt Llc","USD","1.00","USD","-"
"YSWY","YESWAY INC CLASS A","Consumer Staples","Equity","7,673,939.15","0.01","7,673,939.15","394,547.00","19.45","United States","NASDAQ","USD","1.00","USD","-"
"JMSB","JOHN MARSHALL BANCORP INC","Financials","Equity","7,657,978.95","0.01","7,657,978.95","333,681.00","22.95","United States","NASDAQ","USD","1.00","USD","-"
"KYTX","KYVERNA THERAPEUTICS","Health Care","Equity","7,647,842.88","0.01","7,647,842.88","1,094,112.00","6.99","United States","NASDAQ","USD","1.00","USD","-"
"WEST","WESTROCK COFFEE","Consumer Staples","Equity","7,637,945.89","0.01","7,637,945.89","958,337.00","7.97","United States","NASDAQ","USD","1.00","USD","-"
"VMD","VIEMED HEALTHCARE INC","Health Care","Equity","7,610,098.86","0.01","7,610,098.86","862,823.00","8.82","United States","NASDAQ","USD","1.00","USD","-"
"DUOT","DUOS TECHNOLOGIES GROUP INC","Information Technology","Equity","7,597,407.00","0.01","7,597,407.00","795,540.00","9.55","United States","NASDAQ","USD","1.00","USD","-"
"FCCO","FIRST COMMUNITY CORP","Financials","Equity","7,584,301.15","0.01","7,584,301.15","232,291.00","32.65","United States","NASDAQ","USD","1.00","USD","-"
"ACIC","AMERICAN COASTAL INSURANCE CORP","Financials","Equity","7,584,497.26","0.01","7,584,497.26","836,218.00","9.07","United States","NASDAQ","USD","1.00","USD","-"
"FVCB","FVCBANKCORP INC","Financials","Equity","7,584,926.61","0.01","7,584,926.61","426,359.00","17.79","United States","NASDAQ","USD","1.00","USD","-"
"ATNI","ATN INTERNATIONAL INC","Communication","Equity","7,578,323.24","0.01","7,578,323.24","260,066.00","29.14","United States","NASDAQ","USD","1.00","USD","-"
"ABAT","AMERICAN BATTERY TECHNOLOGY COMPAN","Materials","Equity","7,547,343.75","0.01","7,547,343.75","3,354,375.00","2.25","United States","NASDAQ","USD","1.00","USD","-"
"QUAD","QUAD GRAPHICS INC CLASS A","Industrials","Equity","7,528,296.66","0.01","7,528,296.66","812,991.00","9.26","United States","NYSE","USD","1.00","USD","-"
"FLXS","FLEXSTEEL INDUSTRIES INC","Consumer Discretionary","Equity","7,523,291.58","0.01","7,523,291.58","85,134.00","88.37","United States","NASDAQ","USD","1.00","USD","-"
"TWIN","TWIN DISC INC","Industrials","Equity","7,484,520.08","0.01","7,484,520.08","288,532.00","25.94","United States","NASDAQ","USD","1.00","USD","-"
"NABL","N ABLE INC","Information Technology","Equity","7,461,308.94","0.01","7,461,308.94","1,856,047.00","4.02","United States","NYSE","USD","1.00","USD","-"
"NKSH","NATIONAL BANKSHARES INC","Financials","Equity","7,409,778.88","0.01","7,409,778.88","175,504.00","42.22","United States","NASDAQ","USD","1.00","USD","-"
"NXH","NEIGHBORHOOD INTELLIGENCE","Consumer Discretionary","Equity","7,402,827.30","0.01","7,402,827.30","2,243,281.00","3.30","United States","NASDAQ","USD","1.00","USD","-"
"FUBO","FUBOTV CLASS A","Communication","Equity","7,407,458.73","0.01","7,407,458.73","761,301.00","9.73","United States","NYSE","USD","1.00","USD","-"
"PRME","PRIME MEDICINE","Health Care","Equity","7,380,872.51","0.01","7,380,872.51","2,404,193.00","3.07","United States","NASDAQ","USD","1.00","USD","-"
"CFFI","C AND F FINANCIAL CORP","Financials","Equity","7,363,322.67","0.01","7,363,322.67","79,167.00","93.01","United States","NASDAQ","USD","1.00","USD","-"
"FRAF","FRANKLIN FINANCIAL SERVICES CORP","Financials","Equity","7,365,731.56","0.01","7,365,731.56","118,306.00","62.26","United States","NASDAQ","USD","1.00","USD","-"
"RLGT","RADIANT LOGISTIC INC","Industrials","Equity","7,350,195.60","0.01","7,350,195.60","859,672.00","8.55","United States","Nyse Mkt Llc","USD","1.00","USD","-"
"NRDS","NERDWALLET CLASS A","Financials","Equity","7,343,083.60","0.01","7,343,083.60","895,498.00","8.20","United States","NASDAQ","USD","1.00","USD","-"
"NEXN","NEXXEN INTERNATIONAL LTD","Communication","Equity","7,337,020.08","0.01","7,337,020.08","826,241.00","8.88","Israel","NASDAQ","USD","1.00","USD","-"
"EYPT","EYEPOINT INC","Health Care","Equity","7,315,665.80","0.01","7,315,665.80","2,004,292.00","3.65","United States","NASDAQ","USD","1.00","USD","-"
"CBK","COMMERCIAL BANCGROUP INC","Financials","Equity","7,293,396.80","0.01","7,293,396.80","229,280.00","31.81","United States","NASDAQ","USD","1.00","USD","-"
"RNGR","RANGER ENERGY SERVICES INC CLASS A","Energy","Equity","7,280,995.22","0.01","7,280,995.22","470,957.00","15.46","United States","NYSE","USD","1.00","USD","-"
"STRZ","STARZ ENTERTAINMENT","Communication","Equity","7,283,187.84","0.01","7,283,187.84","320,704.00","22.71","United States","NASDAQ","USD","1.00","USD","-"
"TREE","LENDINGTREE","Financials","Equity","7,253,441.70","0.01","7,253,441.70","298,005.00","24.34","United States","NASDAQ","USD","1.00","USD","-"
"HBB","HAMILTON BEACH BRANDS HOLDING COMP","Consumer Discretionary","Equity","7,241,124.80","0.01","7,241,124.80","194,080.00","37.31","United States","NYSE","USD","1.00","USD","-"
"DMAC","DIAMEDICA THERAPEUTICS INC","Health Care","Equity","7,247,017.35","0.01","7,247,017.35","925,545.00","7.83","United States","NASDAQ","USD","1.00","USD","-"
"SVIA","SILVIA INC","Financials","Equity","7,235,312.04","0.01","7,235,312.04","1,827,099.00","3.96","United States","NASDAQ","USD","1.00","USD","-"
"ALTO","ALTO INGREDIENTS INC","Materials","Equity","7,228,185.80","0.01","7,228,185.80","1,932,670.00","3.74","United States","NASDAQ","USD","1.00","USD","-"
"IHRT","IHEARTMEDIA CLASS A","Communication","Equity","7,230,076.74","0.01","7,230,076.74","3,199,149.00","2.26","United States","NASDAQ","USD","1.00","USD","-"
"IKT","INHIBIKASE THERAPEUTICS","Health Care","Equity","7,200,160.80","0.01","7,200,160.80","3,428,648.00","2.10","United States","NASDAQ","USD","1.00","USD","-"
"HAWK","HAWKEYE INC","Industrials","Equity","7,188,240.00","0.01","7,188,240.00","449,265.00","16.00","United States","NYSE","USD","1.00","USD","-"
"TBI","TRUEBLUE INC","Industrials","Equity","7,189,594.01","0.01","7,189,594.01","754,417.00","9.53","United States","NYSE","USD","1.00","USD","-"
"FUNC","FIRST UNITED CORP","Financials","Equity","7,183,686.50","0.01","7,183,686.50","165,905.00","43.30","United States","NASDAQ","USD","1.00","USD","-"
"MAX","MEDIAALPHA CLASS A","Communication","Equity","7,157,883.60","0.01","7,157,883.60","757,448.00","9.45","United States","NYSE","USD","1.00","USD","-"
"TSSI","TSS INC","Information Technology","Equity","7,121,729.86","0.01","7,121,729.86","698,894.00","10.19","United States","NASDAQ","USD","1.00","USD","-"
"RM","REGIONAL MANAGEMENT CORP","Financials","Equity","7,098,248.00","0.01","7,098,248.00","233,495.00","30.40","United States","NYSE","USD","1.00","USD","-"
"BKKT","BAKKT INC CLASS A","Financials","Equity","7,083,099.16","0.01","7,083,099.16","780,077.00","9.08","United States","NYSE","USD","1.00","USD","-"
"RPAY","REPAY HOLDINGS CORP CLASS A","Financials","Equity","7,060,138.89","0.01","7,060,138.89","1,796,473.00","3.93","United States","NASDAQ","USD","1.00","USD","-"
"FRD","FRIEDMAN INDUSTRIES INC","Materials","Equity","7,047,131.68","0.01","7,047,131.68","178,544.00","39.47","United States","NASDAQ","USD","1.00","USD","-"
"IA","INNOVATIVE SOLUTIONS AND SUPPORT I","Industrials","Equity","7,044,431.40","0.01","7,044,431.40","381,812.00","18.45","United States","NASDAQ","USD","1.00","USD","-"
"USCB","USCB FINANCIAL HOLDINGS INC CLASS","Financials","Equity","7,025,433.00","0.01","7,025,433.00","309,900.00","22.67","United States","NASDAQ","USD","1.00","USD","-"
"SPTX","SEAPORT THERAPEUTICS INC","Health Care","Equity","7,018,978.56","0.01","7,018,978.56","332,338.00","21.12","United States","NASDAQ","USD","1.00","USD","-"
"BMBL","BUMBLE CLASS A","Communication","Equity","7,004,383.68","0.01","7,004,383.68","2,613,576.00","2.68","United States","NASDAQ","USD","1.00","USD","-"
"BOC","BOSTON OMAHA CORP CLASS A","Communication","Equity","6,988,367.65","0.01","6,988,367.65","520,355.00","13.43","United States","NYSE","USD","1.00","USD","-"
"FDBC","FIDELITY D AND D BANCORP INC","Financials","Equity","6,979,135.86","0.01","6,979,135.86","127,566.00","54.71","United States","NASDAQ","USD","1.00","USD","-"
"CRD A","CRAWFORD CLASS A","Financials","Equity","6,939,532.27","0.01","6,939,532.27","558,289.00","12.43","United States","NYSE","USD","1.00","USD","-"
"VNDA","VANDA PHARMACEUTICALS INC","Health Care","Equity","6,932,727.72","0.01","6,932,727.72","1,392,114.00","4.98","United States","NASDAQ","USD","1.00","USD","-"
"KRUS","KURA SUSHI USA","Consumer Discretionary","Equity","6,924,579.24","0.01","6,924,579.24","177,964.00","38.91","United States","NASDAQ","USD","1.00","USD","-"
"PANL","PANGAEA LOGISTICS SOLUTIONS","Industrials","Equity","6,893,270.00","0.01","6,893,270.00","845,800.00","8.15","United States","NASDAQ","USD","1.00","USD","-"
"MYFW","FIRST WESTERN FINANCIAL INC","Financials","Equity","6,898,633.94","0.01","6,898,633.94","225,593.00","30.58","United States","NASDAQ","USD","1.00","USD","-"
"LILA","LIBERTY LATIN AMERICA CLASS A","Communication","Equity","6,889,958.80","0.01","6,889,958.80","801,158.00","8.60","United States","NASDAQ","USD","1.00","USD","-"
"DNUT","KRISPY KREME","Consumer Discretionary","Equity","6,883,084.80","0.01","6,883,084.80","2,309,760.00","2.98","United States","NASDAQ","USD","1.00","USD","-"
"CNDT","CONDUENT","Industrials","Equity","6,854,189.12","0.01","6,854,189.12","4,205,024.00","1.63","United States","NASDAQ","USD","1.00","USD","-"
"CLNE","CLEAN ENERGY FUELS","Energy","Equity","6,781,970.72","0.01","6,781,970.72","4,135,348.00","1.64","United States","NASDAQ","USD","1.00","USD","-"
"WEYS","WEYCO GROUP INC","Consumer Discretionary","Equity","6,755,168.68","0.01","6,755,168.68","142,454.00","47.42","United States","NASDAQ","USD","1.00","USD","-"
"XPER","XPERI INC","Information Technology","Equity","6,731,164.20","0.01","6,731,164.20","1,235,076.00","5.45","United States","NYSE","USD","1.00","USD","-"
"JOUT","JOHNSON OUTDOORS INC CLASS A","Consumer Discretionary","Equity","6,717,553.84","0.01","6,717,553.84","153,509.00","43.76","United States","NASDAQ","USD","1.00","USD","-"
"PINE","ALPINE INCOME PROPERTY TRUST INC","Real Estate","Equity","6,692,480.22","0.01","6,692,480.22","394,139.00","16.98","United States","NYSE","USD","1.00","USD","-"
"ARDT","ARDENT HEALTH INC","Health Care","Equity","6,697,768.00","0.01","6,697,768.00","639,100.00","10.48","United States","NYSE","USD","1.00","USD","-"
"SGP","SPYGLASS PHARMA SHS","Health Care","Equity","6,685,438.20","0.01","6,685,438.20","241,788.00","27.65","United States","NASDAQ","USD","1.00","USD","-"
"OVLY","OAK VALLEY BANCORP","Financials","Equity","6,654,145.51","0.01","6,654,145.51","195,883.00","33.97","United States","NASDAQ","USD","1.00","USD","-"
"BSVN","BANK7 CORP","Financials","Equity","6,637,564.50","0.01","6,637,564.50","120,050.00","55.29","United States","NASDAQ","USD","1.00","USD","-"
"EIKN","EIKON THERAPEUTICS","Health Care","Equity","6,625,069.56","0.01","6,625,069.56","799,164.00","8.29","United States","NASDAQ","USD","1.00","USD","-"
"SPRY","ARS PHARMACEUTICALS","Health Care","Equity","6,620,416.15","0.01","6,620,416.15","1,595,281.00","4.15","United States","NASDAQ","USD","1.00","USD","-"
"MTRX","MATRIX SERVICE","Industrials","Equity","6,611,040.80","0.01","6,611,040.80","674,596.00","9.80","United States","NASDAQ","USD","1.00","USD","-"
"GRNT","GRANITE RIDGE RESOURCES","Energy","Equity","6,592,234.36","0.01","6,592,234.36","1,452,034.00","4.54","United States","NYSE","USD","1.00","USD","-"
"FXNC","FIRST NATIONAL CORP","Financials","Equity","6,571,519.18","0.01","6,571,519.18","221,786.00","29.63","United States","NASDAQ","USD","1.00","USD","-"
"WYFI","WHITEFIBER INC","Information Technology","Equity","6,572,060.36","0.01","6,572,060.36","324,386.00","20.26","United States","NASDAQ","USD","1.00","USD","-"
"APMD","APNIMED INC","Health Care","Equity","6,575,087.40","0.01","6,575,087.40","303,980.00","21.63","United States","NASDAQ","USD","1.00","USD","-"
"CATX","PERSPECTIVE THERAPEUTICS","Health Care","Equity","6,563,252.50","0.01","6,563,252.50","2,625,301.00","2.50","United States","Nyse Mkt Llc","USD","1.00","USD","-"
"GEMI","GEMINI SPACE STATION INC CLASS A","Financials","Equity","6,568,147.60","0.01","6,568,147.60","1,162,504.00","5.65","United States","NASDAQ","USD","1.00","USD","-"
"GCBC","GREENE COUNTY BANCORP INC","Financials","Equity","6,555,454.60","0.01","6,555,454.60","188,918.00","34.70","United States","NASDAQ","USD","1.00","USD","-"
"FULC","FULCRUM THERAPEUTICS","Health Care","Equity","6,531,766.93","0.01","6,531,766.93","1,725,698.00","3.79","United States","NASDAQ","USD","1.00","USD","-"
"SFIX","STITCH FIX CLASS A","Consumer Discretionary","Equity","6,535,555.65","0.01","6,535,555.65","2,957,265.00","2.21","United States","NASDAQ","USD","1.00","USD","-"
"BH","BIGLARI HOLDINGS INCINARY CLASS B","Consumer Discretionary","Equity","6,515,869.51","0.01","6,515,869.51","18,691.00","348.61","United States","NYSE","USD","1.00","USD","-"
"SMC","SUMMIT MIDSTREAM CORP","Energy","Equity","6,504,354.36","0.01","6,504,354.36","209,076.00","31.11","United States","NYSE","USD","1.00","USD","-"
"ASIC","ATEGRITY SPECIALTY INSURANCE COMPA","Financials","Equity","6,504,794.76","0.01","6,504,794.76","245,094.00","26.54","United States","NYSE","USD","1.00","USD","-"
"SHOE","SHOE STATION GROUP INC","Consumer Discretionary","Equity","6,465,042.70","0.01","6,465,042.70","489,035.00","13.22","United States","NASDAQ","USD","1.00","USD","-"
"TECX","TECTONIC THERAPEUTIC","Health Care","Equity","6,432,731.64","0.01","6,432,731.64","266,697.00","24.12","United States","NASDAQ","USD","1.00","USD","-"
"ISBA","ISABELLA BANK CORP","Financials","Equity","6,435,792.00","0.01","6,435,792.00","172,080.00","37.40","United States","NASDAQ","USD","1.00","USD","-"
"AVBH","AVIDBANK HOLDINGS INC","Financials","Equity","6,414,907.20","0.01","6,414,907.20","205,606.00","31.20","United States","NASDAQ","USD","1.00","USD","-"
"RJET","REPUBLIC AIRWAYS HOLDINGS","Industrials","Equity","6,416,148.96","0.01","6,416,148.96","342,743.00","18.72","United States","NASDAQ","USD","1.00","USD","-"
"HTZ","HERTZ GLOBAL HLDGS INC","Industrials","Equity","6,416,655.57","0.01","6,416,655.57","3,656,214.00","1.75","United States","NASDAQ","USD","1.00","USD","-"
"OPTU","OPTIMUM COMMUNICATIONS INC CLASS A","Communication","Equity","6,402,874.40","0.01","6,402,874.40","6,156,610.00","1.04","United States","NYSE","USD","1.00","USD","-"
"LCNB","LCNB CORP","Financials","Equity","6,391,031.50","0.01","6,391,031.50","347,150.00","18.41","United States","NASDAQ","USD","1.00","USD","-"
"ABX","ABACUS GLOBAL MANAGEMENT INC CLASS","Financials","Equity","6,392,858.86","0.01","6,392,858.86","773,018.00","8.27","United States","NYSE","USD","1.00","USD","-"
"ABEO","ABEONA THERAPEUTICS INC","Health Care","Equity","6,384,127.02","0.01","6,384,127.02","1,175,714.00","5.43","United States","NASDAQ","USD","1.00","USD","-"
"OSUR","ORASURE TECHNOLOGIES INC","Health Care","Equity","6,374,094.51","0.01","6,374,094.51","1,621,907.00","3.93","United States","NASDAQ","USD","1.00","USD","-"
"FNRN","FIRST NORTHERN COMMUNITY BANCORP","Financials","Equity","6,348,721.40","0.01","6,348,721.40","371,705.00","17.08","United States","NASDAQ","USD","1.00","USD","-"
"SRZN","SURROZEN","Health Care","Equity","6,340,933.60","0.01","6,340,933.60","188,270.00","33.68","United States","NASDAQ","USD","1.00","USD","-"
"XFOR","X4 PHARMACEUTICALS","Health Care","Equity","6,325,602.00","0.01","6,325,602.00","2,108,534.00","3.00","United States","NASDAQ","USD","1.00","USD","-"
"RCKT","ROCKET PHARMACEUTICALS","Health Care","Equity","6,327,875.30","0.01","6,327,875.30","2,352,370.00","2.69","United States","NASDAQ","USD","1.00","USD","-"
"LTRX","LANTRONIX INC","Information Technology","Equity","6,320,932.20","0.01","6,320,932.20","957,717.00","6.60","United States","NASDAQ","USD","1.00","USD","-"
"NATH","NATHANS FAMOUS INC","Consumer Discretionary","Equity","6,305,832.33","0.01","6,305,832.33","66,877.00","94.29","United States","NASDAQ","USD","1.00","USD","-"
"ZURA","ZURA BIO LTD CLASS A","Health Care","Equity","6,279,807.04","0.01","6,279,807.04","1,509,569.00","4.16","United States","NASDAQ","USD","1.00","USD","-"
"PALI","PALISADE BIO INC","Health Care","Equity","6,239,925.75","0.01","6,239,925.75","3,974,475.00","1.57","United States","NASDAQ","USD","1.00","USD","-"
"PTLO","PORTILLO S INC CLASS A","Consumer Discretionary","Equity","6,236,542.14","0.01","6,236,542.14","1,727,574.00","3.61","United States","NASDAQ","USD","1.00","USD","-"
"LXEO","LEXEO THERAPEUTICS","Health Care","Equity","6,205,910.28","0.01","6,205,910.28","1,830,652.00","3.39","United States","NASDAQ","USD","1.00","USD","-"
"NRC","NRC HEALTH","Health Care","Equity","6,207,421.55","0.01","6,207,421.55","305,033.00","20.35","United States","NASDAQ","USD","1.00","USD","-"
"REFI","CHICAGO ATLANTIC REAL ESTATE FINAN","Financials","Equity","6,211,348.64","0.01","6,211,348.64","585,424.00","10.61","United States","NASDAQ","USD","1.00","USD","-"
"AKBA","AKEBIA THERAPEUTICS INC","Health Care","Equity","6,190,493.36","0.01","6,190,493.36","6,736,119.00","0.92","United States","NASDAQ","USD","1.00","USD","-"
"JACK","JACK IN THE BOX INC","Consumer Discretionary","Equity","6,189,892.14","0.01","6,189,892.14","464,358.00","13.33","United States","NASDAQ","USD","1.00","USD","-"
"BRBS","BLUE RIDGE BANKSHARES INC","Financials","Equity","6,168,555.92","0.01","6,168,555.92","1,589,834.00","3.88","United States","Nyse Mkt Llc","USD","1.00","USD","-"
"CTEV","CLARITEV CORP CLASS A","Health Care","Equity","6,125,062.08","0.01","6,125,062.08","262,203.00","23.36","United States","NYSE","USD","1.00","USD","-"
"BGS","B AND G FOODS INC","Consumer Staples","Equity","6,127,682.68","0.01","6,127,682.68","2,029,034.00","3.02","United States","NYSE","USD","1.00","USD","-"
"WBTN","WEBTOON ENTERTAINMENT INC","Communication","Equity","6,107,629.70","0.01","6,107,629.70","560,333.00","10.90","United States","NASDAQ","USD","1.00","USD","-"
"KINS","KINGSTONE COMPANIES INC","Financials","Equity","6,109,509.90","0.01","6,109,509.90","333,853.00","18.30","United States","NASDAQ","USD","1.00","USD","-"
"NUS","NU SKIN ENTERPRISES CLASS A","Consumer Staples","Equity","6,111,285.18","0.01","6,111,285.18","1,322,789.00","4.62","United States","NYSE","USD","1.00","USD","-"
"TDUP","THREDUP CLASS A","Consumer Discretionary","Equity","6,111,468.87","0.01","6,111,468.87","2,740,569.00","2.23","United States","NASDAQ","USD","1.00","USD","-"
"IMRX","IMMUNEERING CLASS A","Health Care","Equity","6,092,774.10","0.01","6,092,774.10","1,403,865.00","4.34","United States","NASDAQ","USD","1.00","USD","-"
"INFU","INFUSYSTEM HOLDINGS INC","Health Care","Equity","6,092,887.77","0.01","6,092,887.77","480,133.00","12.69","United States","Nyse Mkt Llc","USD","1.00","USD","-"
"FRPH","FRP HOLDINGS INC","Real Estate","Equity","6,076,837.00","0.01","6,076,837.00","288,275.00","21.08","United States","NASDAQ","USD","1.00","USD","-"
"TLS","TELOS CORPORATION CORP","Information Technology","Equity","6,056,607.70","0.01","6,056,607.70","1,488,110.00","4.07","United States","NASDAQ","USD","1.00","USD","-"
"WNEB","WESTERN NEW ENGLAND BANCORP INC","Financials","Equity","6,046,945.51","0.01","6,046,945.51","435,973.00","13.87","United States","NASDAQ","USD","1.00","USD","-"
"RMNI","RIMINI STREET INC","Information Technology","Equity","6,047,477.36","0.01","6,047,477.36","1,412,962.00","4.28","United States","NASDAQ","USD","1.00","USD","-"
"HCKT","HACKETT GROUP","Information Technology","Equity","6,050,619.57","0.01","6,050,619.57","592,617.00","10.21","United States","NASDAQ","USD","1.00","USD","-"
"JAKK","JAKKS PACIFIC INC","Consumer Discretionary","Equity","6,042,484.20","0.01","6,042,484.20","246,230.00","24.54","United States","NASDAQ","USD","1.00","USD","-"
"EU","ENCORE ENERGY","Energy","Equity","6,016,527.60","0.01","6,016,527.60","4,931,580.00","1.22","United States","NASDAQ","USD","1.00","USD","-"
"CMRC","BIGCOMMERCE HOLDINGS SERIES","Information Technology","Equity","6,011,674.20","0.01","6,011,674.20","1,908,468.00","3.15","United States","NASDAQ","USD","1.00","USD","-"
"ANIK","ANIKA THERAPEUTICS INC","Health Care","Equity","6,000,784.44","0.01","6,000,784.44","296,628.00","20.23","United States","NASDAQ","USD","1.00","USD","-"
"LEGH","LEGACY HOUSING CORP","Consumer Discretionary","Equity","5,969,309.76","0.01","5,969,309.76","205,272.00","29.08","United States","NASDAQ","USD","1.00","USD","-"
"PPIH","PERMA PIPE INTERNATIONAL HOLDINGS","Industrials","Equity","5,965,340.48","0.01","5,965,340.48","190,952.00","31.24","United States","NASDAQ","USD","1.00","USD","-"
"FNKO","FUNKO CLASS A","Consumer Discretionary","Equity","5,966,638.20","0.01","5,966,638.20","1,094,796.00","5.45","United States","NASDAQ","USD","1.00","USD","-"
"BIOA","BIOAGE LABS","Health Care","Equity","5,949,627.11","0.01","5,949,627.11","825,191.00","7.21","United States","NASDAQ","USD","1.00","USD","-"
"AVNW","AVIAT NETWORKS INC","Information Technology","Equity","5,941,050.15","0.01","5,941,050.15","297,797.00","19.95","United States","NASDAQ","USD","1.00","USD","-"
"LTBR","LIGHTBRIDGE CORP","Energy","Equity","5,924,775.69","0.01","5,924,775.69","880,353.00","6.73","United States","NASDAQ","USD","1.00","USD","-"
"STRO","SUTRO BIOPHARMA INC","Health Care","Equity","5,884,636.09","0.01","5,884,636.09","374,579.00","15.71","United States","NASDAQ","USD","1.00","USD","-"
"BPRN","PRINCETON BANCORP INC","Financials","Equity","5,884,723.88","0.01","5,884,723.88","136,252.00","43.19","United States","NASDAQ","USD","1.00","USD","-"
"MGNX","MACROGENICS INC","Health Care","Equity","5,881,328.40","0.01","5,881,328.40","1,547,718.00","3.80","United States","NASDAQ","USD","1.00","USD","-"
"POWW","OUTDOOR HOLDING","Consumer Discretionary","Equity","5,874,161.33","0.01","5,874,161.33","2,526,521.00","2.33","United States","NASDAQ","USD","1.00","USD","-"
"VABK","VIRGINIA NATIONAL BANKSHARES CORP","Financials","Equity","5,841,716.49","0.01","5,841,716.49","124,107.00","47.07","United States","NASDAQ","USD","1.00","USD","-"
"DSP","VIANT TECHNOLOGY INC CLASS A","Information Technology","Equity","5,820,605.24","0.01","5,820,605.24","471,686.00","12.34","United States","NASDAQ","USD","1.00","USD","-"
"ZIP","ZIPRECRUITER INC CLASS A","Communication","Equity","5,805,070.05","0.01","5,805,070.05","1,682,629.00","3.45","United States","NYSE","USD","1.00","USD","-"
"OBIO","ORCHESTRA BIOMED HOLDINGS INC","Health Care","Equity","5,790,415.05","0.01","5,790,415.05","973,179.00","5.95","United States","NASDAQ","USD","1.00","USD","-"
"ONIT","ONITY GROUP INC","Financials","Equity","5,795,644.96","0.01","5,795,644.96","186,896.00","31.01","United States","NYSE","USD","1.00","USD","-"
"DBI","DESIGNER BRANDS CLASS A","Consumer Discretionary","Equity","5,787,122.22","0.01","5,787,122.22","922,986.00","6.27","United States","NYSE","USD","1.00","USD","-"
"BKTI","BK TECHNOLOGIES CORP","Information Technology","Equity","5,775,846.15","0.01","5,775,846.15","77,145.00","74.87","United States","Nyse Mkt Llc","USD","1.00","USD","-"
"TBCH","TURTLE BEACH","Information Technology","Equity","5,751,812.32","0.01","5,751,812.32","450,416.00","12.77","United States","NASDAQ","USD","1.00","USD","-"
"CHPT","CHARGEPOINT HOLDINGS INC CLASS A","Industrials","Equity","5,730,452.30","0.01","5,730,452.30","638,135.00","8.98","United States","NYSE","USD","1.00","USD","-"
"SEVN","SEVEN HILLS REALTY TRUST","Financials","Equity","5,708,188.94","0.01","5,708,188.94","780,874.00","7.31","United States","NASDAQ","USD","1.00","USD","-"
"USAU","US GOLD CORP","Materials","Equity","5,709,384.12","0.01","5,709,384.12","366,927.00","15.56","United States","NASDAQ","USD","1.00","USD","-"
"III","INFORMATION SERVICES GROUP INC","Information Technology","Equity","5,703,199.27","0.01","5,703,199.27","1,082,201.00","5.27","United States","NASDAQ","USD","1.00","USD","-"
"LRMR","LARIMAR THERAPEUTICS","Health Care","Equity","5,678,335.44","0.01","5,678,335.44","1,710,342.00","3.32","United States","NASDAQ","USD","1.00","USD","-"
"ACRE","ARES COMMERCIAL REAL ESTATE REIT C","Financials","Equity","5,665,351.75","0.01","5,665,351.75","1,365,145.00","4.15","United States","NYSE","USD","1.00","USD","-"
"COSO","COASTALSOUTH BANCSHARES INC","Financials","Equity","5,645,912.44","0.01","5,645,912.44","212,492.00","26.57","United States","NYSE","USD","1.00","USD","-"
"OSS","ONE STOP SYSTEMS INC","Information Technology","Equity","5,629,226.33","0.01","5,629,226.33","604,643.00","9.31","United States","NASDAQ","USD","1.00","USD","-"
"PEBK","PEOPLES BANCORP OF NORTH CAROLINA","Financials","Equity","5,624,276.64","0.01","5,624,276.64","129,264.00","43.51","United States","NASDAQ","USD","1.00","USD","-"
"MFIN","MEDALLION FINANCIAL CORP","Financials","Equity","5,556,184.27","0.01","5,556,184.27","469,669.00","11.83","United States","NASDAQ","USD","1.00","USD","-"
"ASYS","AMTECH SYSTEMS INC","Information Technology","Equity","5,489,607.20","0.01","5,489,607.20","356,468.00","15.40","United States","NASDAQ","USD","1.00","USD","-"
"EFSI","EAGLE FINANCIAL SERVICES INC","Financials","Equity","5,458,850.60","0.01","5,458,850.60","120,239.00","45.40","United States","NASDAQ","USD","1.00","USD","-"
"INR","INFINITY NATURAL RESOURCES INC CLA","Energy","Equity","5,447,774.04","0.01","5,447,774.04","407,158.00","13.38","United States","NYSE","USD","1.00","USD","-"
"KROS","KEROS THERAPEUTICS","Health Care","Equity","5,439,276.15","0.01","5,439,276.15","470,933.00","11.55","United States","NASDAQ","USD","1.00","USD","-"
"WOOF","PETCO HEALTH AND WELLNESS COMPANY","Consumer Discretionary","Equity","5,441,120.15","0.01","5,441,120.15","2,376,035.00","2.29","United States","NASDAQ","USD","1.00","USD","-"
"FBLA","FB BANCORP","Financials","Equity","5,431,718.04","0.01","5,431,718.04","334,054.00","16.26","United States","NASDAQ","USD","1.00","USD","-"
"ELDN","ELEDON PHARMACEUTICALS INC","Health Care","Equity","5,416,778.48","0.01","5,416,778.48","2,021,186.00","2.68","United States","NASDAQ","USD","1.00","USD","-"
"HLLY","HOLLEY","Consumer Discretionary","Equity","5,404,040.55","0.01","5,404,040.55","2,223,885.00","2.43","United States","NYSE","USD","1.00","USD","-"
"SMRT","SMARTRENT INC CLASS A","Information Technology","Equity","5,396,198.99","0.01","5,396,198.99","4,534,621.00","1.19","United States","NYSE","USD","1.00","USD","-"
"CDZI","CADIZ INC","Utilities","Equity","5,381,807.62","0.01","5,381,807.62","1,450,622.00","3.71","United States","NASDAQ","USD","1.00","USD","-"
"GSIT","GSI TECHNOLOGY INC","Information Technology","Equity","5,374,812.15","0.01","5,374,812.15","975,465.00","5.51","United States","NASDAQ","USD","1.00","USD","-"
"RELL","RICHARDSON ELECTRONICS LTD","Information Technology","Equity","5,368,336.44","0.01","5,368,336.44","313,388.00","17.13","United States","NASDAQ","USD","1.00","USD","-"
"SIDU","SIDUS SPACE INC CLASS A","Industrials","Equity","5,359,720.59","0.01","5,359,720.59","2,589,237.00","2.07","United States","NASDAQ","USD","1.00","USD","-"
"OPFI","OPPFI INC CLASS A","Financials","Equity","5,364,708.96","0.01","5,364,708.96","859,729.00","6.24","United States","NYSE","USD","1.00","USD","-"
"LIME","NEUTRON HOLDINGS INC","Industrials","Equity","5,355,450.21","0.01","5,355,450.21","187,319.00","28.59","United States","NASDAQ","USD","1.00","USD","-"
"APC","ARKO PETROLEUM CORP CLASS A","Consumer Discretionary","Equity","5,356,623.09","0.01","5,356,623.09","319,417.00","16.77","United States","NASDAQ","USD","1.00","USD","-"
"OFRM","ONCE UPON A FARM PBC","Consumer Staples","Equity","5,319,864.00","0.01","5,319,864.00","322,416.00","16.50","United States","NYSE","USD","1.00","USD","-"
"MRBK","MERIDIAN CORP","Financials","Equity","5,318,584.92","0.01","5,318,584.92","277,878.00","19.14","United States","NASDAQ","USD","1.00","USD","-"
"PACK","RANPAK HOLDINGS CLASS A","Materials","Equity","5,303,750.86","0.01","5,303,750.86","1,256,813.00","4.22","United States","NYSE","USD","1.00","USD","-"
"PMTS","CPI CARD GROUP INC","Information Technology","Equity","5,270,767.20","0.01","5,270,767.20","216,904.00","24.30","United States","NASDAQ","USD","1.00","USD","-"
"PLX","PROTALIX BIOTHERAPEUTICS","Health Care","Equity","5,270,905.75","0.01","5,270,905.75","1,916,693.00","2.75","Israel","Nyse Mkt Llc","USD","1.00","USD","-"
"LOVE","LOVESAC COMPANY","Consumer Discretionary","Equity","5,258,792.70","0.01","5,258,792.70","357,741.00","14.70","United States","NASDAQ","USD","1.00","USD","-"
"SRI","STONERIDGE INC","Consumer Discretionary","Equity","5,261,058.69","0.01","5,261,058.69","772,549.00","6.81","United States","NYSE","USD","1.00","USD","-"
"EVEX","EVE HOLDING","Industrials","Equity","5,251,628.69","0.01","5,251,628.69","2,512,741.00","2.09","United States","NYSE","USD","1.00","USD","-"
"ALMU","AELUMA INC","Information Technology","Equity","5,253,152.00","0.01","5,253,152.00","393,200.00","13.36","United States","NASDAQ","USD","1.00","USD","-"
"BLND","BLEND LABS CLASS A","Information Technology","Equity","5,248,805.82","0.01","5,248,805.82","4,905,426.00","1.07","United States","NYSE","USD","1.00","USD","-"
"PCYO","PURE CYCLE CORP","Utilities","Equity","5,217,317.38","0.01","5,217,317.38","479,974.00","10.87","United States","NASDAQ","USD","1.00","USD","-"
"RC","READY CAPITAL CORP","Financials","Equity","5,207,022.01","0.01","5,207,022.01","3,746,059.00","1.39","United States","NYSE","USD","1.00","USD","-"
"SKYH","SKY HARBOUR GROUP CLASS A","Industrials","Equity","5,210,352.18","0.01","5,210,352.18","530,046.00","9.83","United States","NYSE","USD","1.00","USD","-"
"CZWI","CITIZENS COMMUNITY BANCORP INC","Financials","Equity","5,200,395.06","0.01","5,200,395.06","245,186.00","21.21","United States","NASDAQ","USD","1.00","USD","-"
"SPOK","SPOK HOLDINGS INC","Communication","Equity","5,189,831.55","0.01","5,189,831.55","501,433.00","10.35","United States","NASDAQ","USD","1.00","USD","-"
"ALCO","ALICO INC","Consumer Staples","Equity","5,181,747.84","0.01","5,181,747.84","133,344.00","38.86","United States","NASDAQ","USD","1.00","USD","-"
"INBK","FIRST INTERNET BANCORP","Financials","Equity","5,182,428.72","0.01","5,182,428.72","199,018.00","26.04","United States","NASDAQ","USD","1.00","USD","-"
"PPHC","PUBLIC POLICY HOLDING INC","Industrials","Equity","5,186,896.00","0.01","5,186,896.00","453,400.00","11.44","United States","NASDAQ","USD","1.00","USD","-"
"HMH","HMH HOLDING INC CLASS A","Energy","Equity","5,177,291.00","0.01","5,177,291.00","278,050.00","18.62","United States","NASDAQ","USD","1.00","USD","-"
"CV","CAPSOVISION INC","Health Care","Equity","5,168,417.73","0.01","5,168,417.73","837,669.00","6.17","United States","NASDAQ","USD","1.00","USD","-"
"OPBK","OP BANCORP","Financials","Equity","5,160,231.21","0.01","5,160,231.21","341,511.00","15.11","United States","NASDAQ","USD","1.00","USD","-"
"IVVD","INVIVYD","Health Care","Equity","5,154,019.50","0.01","5,154,019.50","5,643,293.00","0.91","United States","NASDAQ","USD","1.00","USD","-"
"PDYN","PALLADYNE AI CORP","Industrials","Equity","5,144,054.30","0.01","5,144,054.30","954,370.00","5.39","United States","NASDAQ","USD","1.00","USD","-"
"INNV","INNOVAGE HOLDING CORP","Health Care","Equity","5,110,589.64","0.01","5,110,589.64","578,121.00","8.84","United States","NASDAQ","USD","1.00","USD","-"
"FCAP","FIRST CAPITAL INC","Financials","Equity","5,112,812.65","0.01","5,112,812.65","83,611.00","61.15","United States","NASDAQ","USD","1.00","USD","-"
"TLSI","TRISALUS LF SC CM A","Health Care","Equity","5,106,335.65","0.01","5,106,335.65","1,107,665.00","4.61","United States","NASDAQ","USD","1.00","USD","-"
"NXDT","NEXPOINT DIVERSIFIED REAL ESTATE T","Real Estate","Equity","5,108,113.24","0.01","5,108,113.24","980,444.00","5.21","United States","NYSE","USD","1.00","USD","-"
"BNTC","BENITEC BIOPHARMA INC","Health Care","Equity","5,099,964.88","0.01","5,099,964.88","529,042.00","9.64","United States","NASDAQ","USD","1.00","USD","-"
"ASLE","AERSALE CORP","Industrials","Equity","5,089,136.67","0.01","5,089,136.67","926,983.00","5.49","United States","NASDAQ","USD","1.00","USD","-"
"SCTX","SCRIBE THERAPEUTICS INC","Health Care","Equity","5,091,942.69","0.01","5,091,942.69","235,629.00","21.61","United States","NASDAQ","USD","1.00","USD","-"
"IPSC","CENTURY THERAPEUTICS","Health Care","Equity","5,063,233.24","0.01","5,063,233.24","2,995,996.00","1.69","United States","NASDAQ","USD","1.00","USD","-"
"ELMT","ELMET GROUP","Industrials","Equity","5,047,269.41","0.01","5,047,269.41","255,817.00","19.73","United States","NASDAQ","USD","1.00","USD","-"
"BBCP","CONCRETE PUMPING HOLDINGS INC","Industrials","Equity","5,039,241.60","0.01","5,039,241.60","524,921.00","9.60","United States","NASDAQ","USD","1.00","USD","-"
"HDSN","HUDSON TECHNOLOGIES INC","Industrials","Equity","5,010,899.61","0.01","5,010,899.61","958,107.00","5.23","United States","NASDAQ","USD","1.00","USD","-"
"CMTV","COMMUNITY BANCORP VT","Financials","Equity","5,002,820.46","0.01","5,002,820.46","123,618.00","40.47","United States","NASDAQ","USD","1.00","USD","-"
"UTMD","UTAH MEDICAL PRODUCTS INC","Health Care","Equity","4,999,952.75","0.01","4,999,952.75","66,889.00","74.75","United States","NASDAQ","USD","1.00","USD","-"
"CMDB","COSTAMARE BULKERS HOLDINGS LTD","Industrials","Equity","4,971,676.80","0.01","4,971,676.80","218,056.00","22.80","Monaco","NYSE","USD","1.00","USD","-"
"ACU","ACME UNITED CORP","Health Care","Equity","4,960,908.29","0.01","4,960,908.29","78,359.00","63.31","United States","Nyse Mkt Llc","USD","1.00","USD","-"
"QUIK","QUICKLOGIC CORP","Information Technology","Equity","4,935,762.86","0.01","4,935,762.86","449,114.00","10.99","United States","NASDAQ","USD","1.00","USD","-"
"HWBK","HAWTHORN BANCSHARES","Financials","Equity","4,929,462.63","0.01","4,929,462.63","128,673.00","38.31","United States","NASDAQ","USD","1.00","USD","-"
"VEL","VELOCITY FINANCIAL INC","Financials","Equity","4,918,128.60","0.01","4,918,128.60","319,359.00","15.40","United States","NYSE","USD","1.00","USD","-"
"RCMT","RCM TECHNOLOGIES INC","Industrials","Equity","4,904,083.80","0.01","4,904,083.80","120,820.00","40.59","United States","NASDAQ","USD","1.00","USD","-"
"CFBK","CF BANKSHARES INC","Financials","Equity","4,904,506.35","0.01","4,904,506.35","143,785.00","34.11","United States","NASDAQ","USD","1.00","USD","-"
"TAYD","TAYLOR DEVICES INC","Industrials","Equity","4,893,110.04","0.01","4,893,110.04","76,972.00","63.57","United States","NASDAQ","USD","1.00","USD","-"
"MGPI","MGP INGREDIENTS","Consumer Staples","Equity","4,881,483.88","0.01","4,881,483.88","383,162.00","12.74","United States","NASDAQ","USD","1.00","USD","-"
"MBI","MBIA INC","Financials","Equity","4,882,688.41","0.01","4,882,688.41","1,102,187.00","4.43","United States","NYSE","USD","1.00","USD","-"
"KGEI","KOLIBRI GLOBAL ENERGY INC","Energy","Equity","4,874,253.44","0.01","4,874,253.44","740,768.00","6.58","Canada","NASDAQ","USD","1.00","USD","-"
"KWY","KINGSWAY CORP","Financials","Equity","4,876,446.75","0.01","4,876,446.75","532,945.00","9.15","United States","NYSE","USD","1.00","USD","-"
"TG","TREDEGAR CORP","Materials","Equity","4,877,197.05","0.01","4,877,197.05","691,801.00","7.05","United States","NYSE","USD","1.00","USD","-"
"SI","SHOULDER INNOVATIONS","Health Care","Equity","4,864,860.00","0.01","4,864,860.00","286,000.00","17.01","United States","NYSE","USD","1.00","USD","-"
"LWAY","LIFEWAY FOODS INC","Consumer Staples","Equity","4,858,630.14","0.01","4,858,630.14","221,754.00","21.91","United States","NASDAQ","USD","1.00","USD","-"
"PBFS","PIONEER BANCORP INC","Financials","Equity","4,849,200.27","0.01","4,849,200.27","279,171.00","17.37","United States","NASDAQ","USD","1.00","USD","-"
"ALEC","ALECTOR","Health Care","Equity","4,851,874.56","0.01","4,851,874.56","2,527,018.00","1.92","United States","NASDAQ","USD","1.00","USD","-"
"XZO","EXZEO GROUP INC","Financials","Equity","4,846,742.40","0.01","4,846,742.40","309,696.00","15.65","United States","NYSE","USD","1.00","USD","-"
"ASUR","ASURE SOFTWARE INC","Industrials","Equity","4,847,841.25","0.01","4,847,841.25","612,875.00","7.91","United States","NASDAQ","USD","1.00","USD","-"
"LODE","COMSTOCK INC","Energy","Equity","4,830,346.24","0.01","4,830,346.24","1,886,854.00","2.56","United States","Nyse Mkt Llc","USD","1.00","USD","-"
"RXST","RXSIGHT","Health Care","Equity","4,823,847.93","0.01","4,823,847.93","1,019,841.00","4.73","United States","NASDAQ","USD","1.00","USD","-"
"MNTK","MONTAUK RENEWABLES INC","Utilities","Equity","4,824,774.72","0.01","4,824,774.72","1,675,269.00","2.88","United States","NASDAQ","USD","1.00","USD","-"
"VELO","VELO3D INC","Industrials","Equity","4,791,077.24","0.01","4,791,077.24","434,762.00","11.02","United States","NASDAQ","USD","1.00","USD","-"
"LMRI","LUMEXA IMAGING HOLDINGS","Health Care","Equity","4,778,936.24","0.01","4,778,936.24","483,698.00","9.88","United States","NASDAQ","USD","1.00","USD","-"
"BNED","BARNES AND NOBLE EDUCATION INC","Consumer Discretionary","Equity","4,784,252.76","0.01","4,784,252.76","429,852.00","11.13","United States","NYSE","USD","1.00","USD","-"
"SMHI","SEACOR MARINE HOLDINGS INC","Energy","Equity","4,775,707.18","0.01","4,775,707.18","542,078.00","8.81","United States","NYSE","USD","1.00","USD","-"
"NATR","NATURES SUNSHINE PRODUCTS INC","Consumer Staples","Equity","4,766,036.34","0.01","4,766,036.34","369,174.00","12.91","United States","NASDAQ","USD","1.00","USD","-"
"PSFE","PAYSAFE LTD","Financials","Equity","4,754,522.74","0.01","4,754,522.74","745,223.00","6.38","United States","NYSE","USD","1.00","USD","-"
"TRDA","ENTRADA THERAPEUTICS","Health Care","Equity","4,737,363.48","0.01","4,737,363.48","761,634.00","6.22","United States","NASDAQ","USD","1.00","USD","-"
"ELMD","ELECTROMED INC","Health Care","Equity","4,717,310.92","0.01","4,717,310.92","169,322.00","27.86","United States","Nyse Mkt Llc","USD","1.00","USD","-"
"UPB","UPSTREAM BIO","Health Care","Equity","4,722,179.77","0.01","4,722,179.77","913,381.00","5.17","United States","NASDAQ","USD","1.00","USD","-"
"LMNR","LIMONEIRA","Consumer Staples","Equity","4,713,031.89","0.01","4,713,031.89","393,737.00","11.97","United States","NASDAQ","USD","1.00","USD","-"
"ITG","ITG CLASS A INC","Industrials","Equity","4,713,661.19","0.01","4,713,661.19","451,933.00","10.43","United States","NASDAQ","USD","1.00","USD","-"
"ZUMZ","ZUMIEZ","Consumer Discretionary","Equity","4,672,362.24","0.01","4,672,362.24","347,646.00","13.44","United States","NASDAQ","USD","1.00","USD","-"
"CMT","CORE MOLDING TECHNOLOGIES INC","Materials","Equity","4,675,301.40","0.01","4,675,301.40","202,394.00","23.10","United States","Nyse Mkt Llc","USD","1.00","USD","-"
"VUZI","VUZIX CORP","Information Technology","Equity","4,675,922.34","0.01","4,675,922.34","1,706,541.00","2.74","United States","NASDAQ","USD","1.00","USD","-"
"PLAY","DAVE AND BUSTERS ENTERTAINMENT","Consumer Discretionary","Equity","4,658,321.88","0.01","4,658,321.88","703,674.00","6.62","United States","NASDAQ","USD","1.00","USD","-"
"KRO","KRONOS WORLDWIDE","Materials","Equity","4,648,946.40","0.01","4,648,946.40","573,944.00","8.10","United States","NYSE","USD","1.00","USD","-"
"GALT","GALECTIN THERAPEUTICS INC","Health Care","Equity","4,641,892.20","0.01","4,641,892.20","1,172,195.00","3.96","United States","NASDAQ","USD","1.00","USD","-"
"EVGO","EVGO INC CLASS A","Consumer Discretionary","Equity","4,647,561.31","0.01","4,647,561.31","3,494,407.00","1.33","United States","NASDAQ","USD","1.00","USD","-"
"MITT","TPG MORTGAGE INVESTMENT TRUST INC","Financials","Equity","4,609,935.12","0.01","4,609,935.12","756,968.00","6.09","United States","NYSE","USD","1.00","USD","Jul 23, 2021"
"RSVR","RESERVOIR MEDIA INC","Communication","Equity","4,611,798.36","0.01","4,611,798.36","485,964.00","9.49","United States","NASDAQ","USD","1.00","USD","-"
"JILL","J JILL INC","Consumer Discretionary","Equity","4,603,266.20","0.01","4,603,266.20","191,404.00","24.05","United States","NYSE","USD","1.00","USD","-"
"EBMT","EAGLE BANCORP MONTANA INC","Financials","Equity","4,592,589.80","0.01","4,592,589.80","214,607.00","21.40","United States","NASDAQ","USD","1.00","USD","-"
"GOGO","GOGO","Communication","Equity","4,584,307.08","0.01","4,584,307.08","2,010,661.00","2.28","United States","NASDAQ","USD","1.00","USD","-"
"RICK","RCI HOSPITALITY HOLDINGS INC","Consumer Discretionary","Equity","4,574,494.92","0.01","4,574,494.92","167,933.00","27.24","United States","NASDAQ","USD","1.00","USD","-"
"HPK","HIGHPEAK ENERGY INC","Energy","Equity","4,577,216.85","0.01","4,577,216.85","598,329.00","7.65","United States","NASDAQ","USD","1.00","USD","-"
"SEG","SEAPORT ENTERTAINMENT GROUP INC","Real Estate","Equity","4,565,514.25","0.01","4,565,514.25","193,045.00","23.65","United States","NYSE","USD","1.00","USD","-"
"TARA","PROTARA THERAPEUTICS INC","Health Care","Equity","4,532,245.15","0.01","4,532,245.15","1,352,909.00","3.35","United States","NASDAQ","USD","1.00","USD","-"
"FBYD","FALCON S BEYOND GLOBAL INC CLASS A","Industrials","Equity","4,532,274.00","0.01","4,532,274.00","671,448.00","6.75","United States","NASDAQ","USD","1.00","USD","-"
"CIA","CITIZENS INC CLASS A","Financials","Equity","4,505,467.72","0.01","4,505,467.72","1,248,052.00","3.61","United States","NYSE","USD","1.00","USD","-"
"GBFH","GBANK FINL HLDGS INC","Financials","Equity","4,499,994.69","0.01","4,499,994.69","238,221.00","18.89","United States","NASDAQ","USD","1.00","USD","-"
"SSP","EW SCRIPPS CLASS A","Communication","Equity","4,483,723.51","0.01","4,483,723.51","1,562,273.00","2.87","United States","NASDAQ","USD","1.00","USD","-"
"OSG","OCTAVE SPECIALTY GROUP INC","Financials","Equity","4,462,303.14","0.01","4,462,303.14","1,077,851.00","4.14","United States","NYSE","USD","1.00","USD","-"
"NAGE","NIAGEN BIOSCIENCE INC","Consumer Staples","Equity","4,447,548.91","0.01","4,447,548.91","1,477,591.00","3.01","United States","NASDAQ","USD","1.00","USD","-"
"OVBC","OHIO VALLEY BANC CORP","Financials","Equity","4,443,326.05","0.01","4,443,326.05","100,505.00","44.21","United States","NASDAQ","USD","1.00","USD","-"
"PROK","PROKIDNEY CORP CLASS A","Health Care","Equity","4,422,200.16","0.01","4,422,200.16","2,632,262.00","1.68","United States","NASDAQ","USD","1.00","USD","-"
"GPRO","GOPRO INC CLASS A","Consumer Discretionary","Equity","4,422,931.38","0.01","4,422,931.38","3,510,263.00","1.26","United States","NASDAQ","USD","1.00","USD","-"
"RILY","BRC GROUP HOLDINGS INC","Financials","Equity","4,411,310.54","0.01","4,411,310.54","768,521.00","5.74","United States","NASDAQ","USD","1.00","USD","-"
"AREC","AMERICAN RESOURCES CORP CLASS A","Energy","Equity","4,412,675.84","0.01","4,412,675.84","2,347,168.00","1.88","United States","NASDAQ","USD","1.00","USD","-"
"RBBN","RIBBON COMMUNICATIONS","Information Technology","Equity","4,408,271.14","0.01","4,408,271.14","2,422,127.00","1.82","United States","NASDAQ","USD","1.00","USD","-"
"ATOM","ATOMERA INC","Information Technology","Equity","4,343,237.64","0.01","4,343,237.64","1,000,746.00","4.34","United States","NASDAQ","USD","1.00","USD","-"
"ESCA","ESCALADE INC","Consumer Discretionary","Equity","4,344,595.52","0.01","4,344,595.52","224,992.00","19.31","United States","NASDAQ","USD","1.00","USD","-"
"SABS","SAB BIOTHERAPEUTICS","Health Care","Equity","4,345,114.15","0.01","4,345,114.15","1,297,049.00","3.35","United States","NASDAQ","USD","1.00","USD","-"
"AMPY","AMPLIFY ENERGY","Energy","Equity","4,338,415.90","0.01","4,338,415.90","999,635.00","4.34","United States","NYSE","USD","1.00","USD","-"
"ZSQR","Z SQUARED INC","Information Technology","Equity","4,313,757.98","0.01","4,313,757.98","1,162,738.00","3.71","United States","NASDAQ","USD","1.00","USD","-"
"RMBI","RICHMOND MUTUAL BANCORPORATION INC","Financials","Equity","4,290,671.75","0.01","4,290,671.75","281,725.00","15.23","United States","NASDAQ","USD","1.00","USD","-"
"SMTI","SANARA MEDTECH INC","Health Care","Equity","4,251,452.40","0.01","4,251,452.40","121,124.00","35.10","United States","NASDAQ","USD","1.00","USD","-"
"WHK","WHITEHAWK MINERALS CORP CLASS A","Energy","Equity","4,236,526.65","0.01","4,236,526.65","160,779.00","26.35","United States","NYSE","USD","1.00","USD","-"
"FC","FRANKLIN COVEY","Industrials","Equity","4,229,543.89","0.01","4,229,543.89","244,907.00","17.27","United States","NYSE","USD","1.00","USD","-"
"LCTX","LINEAGE CELL THERAPEUTICS INC","Health Care","Equity","4,216,951.76","0.01","4,216,951.76","4,449,200.00","0.95","United States","Nyse Mkt Llc","USD","1.00","USD","-"
"EAF","GRAFTECH INTERNATIONAL LTD","Industrials","Equity","4,197,325.86","0.01","4,197,325.86","397,098.00","10.57","United States","NYSE","USD","1.00","USD","-"
"ESOA","ENERGY SERVICES OF AMERICA CORP","Energy","Equity","4,199,572.29","0.01","4,199,572.29","378,681.00","11.09","United States","NASDAQ","USD","1.00","USD","-"
"PDEX","PRO DEX INC","Health Care","Equity","4,169,953.14","0.01","4,169,953.14","57,107.00","73.02","United States","NASDAQ","USD","1.00","USD","-"
"SITC","SITE CENTERS","Real Estate","Equity","4,170,819.32","0.01","4,170,819.32","1,381,066.00","3.02","United States","NYSE","USD","1.00","USD","-"
"ANGI","ANGI INC CLASS A","Communication","Equity","4,129,945.32","0.01","4,129,945.32","800,377.00","5.16","United States","NASDAQ","USD","1.00","USD","-"
"UIS","UNISYS","Information Technology","Equity","4,111,164.84","0.01","4,111,164.84","1,742,019.00","2.36","United States","NYSE","USD","1.00","USD","-"
"USNA","USANA HEALTH SCIENCES INC","Consumer Staples","Equity","4,087,529.18","0.01","4,087,529.18","286,643.00","14.26","United States","NYSE","USD","1.00","USD","-"
"AIRO","AIRO GROUP HOLDINGS INC","Industrials","Equity","4,072,813.64","0.01","4,072,813.64","564,884.00","7.21","United States","NASDAQ","USD","1.00","USD","-"
"TNXP","TONIX PHARMACEUTICALS HOLDING","Health Care","Equity","4,039,118.80","0.01","4,039,118.80","416,404.00","9.70","United States","NASDAQ","USD","1.00","USD","-"
"JRVR","JAMES RIVER GROUP HOLDINGS INC","Financials","Equity","4,043,749.14","0.01","4,043,749.14","1,145,538.00","3.53","United States","NASDAQ","USD","1.00","USD","-"
"REF","REFORMATION","Consumer Discretionary","Equity","4,035,402.30","0.01","4,035,402.30","321,546.00","12.55","United States","NYSE","USD","1.00","USD","-"
"NCMI","NATIONAL CINEMEDIA INC","Communication","Equity","4,025,403.80","0.01","4,025,403.80","1,829,729.00","2.20","United States","NASDAQ","USD","1.00","USD","-"
"WHWK","WHITEHAWK THERAPEUTICS","Health Care","Equity","4,012,948.64","0.01","4,012,948.64","1,039,624.00","3.86","United States","NASDAQ","USD","1.00","USD","-"
"ORMP","ORAMED PHARMACEUTICALS INC","Health Care","Equity","3,991,827.93","0.01","3,991,827.93","833,367.00","4.79","United States","NASDAQ","USD","1.00","USD","-"
"MNSB","MAINSTREET BANCSHARES","Financials","Equity","3,966,611.88","0.01","3,966,611.88","159,558.00","24.86","United States","NASDAQ","USD","1.00","USD","-"
"MPAA","MOTORCAR PARTS OF AMERICA INC","Consumer Discretionary","Equity","3,903,514.56","0.01","3,903,514.56","369,651.00","10.56","United States","NASDAQ","USD","1.00","USD","-"
"CMPX","COMPASS THERAPEUTICS","Health Care","Equity","3,892,850.24","0.01","3,892,850.24","3,429,824.00","1.14","United States","NASDAQ","USD","1.00","USD","-"
"LZM","LIFEZONE METALS LTD","Materials","Equity","3,854,927.76","0.01","3,854,927.76","990,984.00","3.89","Isle of Man","NYSE","USD","1.00","USD","-"
"ACTG","ACACIA RESEARCH","Financials","Equity","3,834,947.49","0.00","3,834,947.49","889,779.00","4.31","United States","NASDAQ","USD","1.00","USD","-"
"VYGR","VOYAGER THERAPEUTICS","Health Care","Equity","3,820,829.60","0.00","3,820,829.60","1,364,582.00","2.80","United States","NASDAQ","USD","1.00","USD","-"
"ADV","ADVANTAGE SOLUTIONS CLASS A","Communication","Equity","3,807,933.85","0.00","3,807,933.85","112,163.00","33.95","United States","NASDAQ","USD","1.00","USD","-"
"SLNH","SOLUNA HOLDINGS INC","Information Technology","Equity","3,770,028.75","0.00","3,770,028.75","3,016,023.00","1.25","United States","NASDAQ","USD","1.00","USD","-"
"DTIL","PRECISION BIOSCIENCES INC","Health Care","Equity","3,770,274.60","0.00","3,770,274.60","595,620.00","6.33","United States","NASDAQ","USD","1.00","USD","-"
"NLOP","NET LEASE OFFICE PROPERTIES","Real Estate","Equity","3,747,482.70","0.00","3,747,482.70","377,390.00","9.93","United States","NYSE","USD","1.00","USD","-"
"NREF","NEXPOINT REAL ESTATE FINANCE","Financials","Equity","3,732,472.32","0.00","3,732,472.32","236,832.00","15.76","United States","NYSE","USD","1.00","USD","-"
"CHRS","COHERUS ONCOLOGY INC","Health Care","Equity","3,733,360.02","0.00","3,733,360.02","3,190,906.00","1.17","United States","NASDAQ","USD","1.00","USD","-"
"BALY","BALLY S","Consumer Discretionary","Equity","3,720,201.15","0.00","3,720,201.15","264,783.00","14.05","United States","NYSE","USD","1.00","USD","-"
"PNRG","PRIMEENERGY RESOURCES CORP","Energy","Equity","3,709,062.35","0.00","3,709,062.35","17,591.00","210.85","United States","NASDAQ","USD","1.00","USD","-"
"ALTI","ALTI GLOBAL INC CLASS A","Financials","Equity","3,700,014.30","0.00","3,700,014.30","1,209,155.00","3.06","United States","NASDAQ","USD","1.00","USD","-"
"LARK","LANDMARK BANCORP INC","Financials","Equity","3,702,681.72","0.00","3,702,681.72","118,221.00","31.32","United States","NASDAQ","USD","1.00","USD","-"
"KRMD","KORU MEDICAL SYSTEMS INC","Health Care","Equity","3,698,605.44","0.00","3,698,605.44","1,131,072.00","3.27","United States","NASDAQ","USD","1.00","USD","-"
"BVFL","BV FINANCIAL INC","Financials","Equity","3,668,678.14","0.00","3,668,678.14","176,294.00","20.81","United States","NASDAQ","USD","1.00","USD","-"
"FF","FUTUREFUEL CORP","Energy","Equity","3,655,979.20","0.00","3,655,979.20","711,280.00","5.14","United States","NYSE","USD","1.00","USD","-"
"SND","SMART SAND INC","Energy","Equity","3,645,408.00","0.00","3,645,408.00","717,600.00","5.08","United States","NASDAQ","USD","1.00","USD","-"
"SIGA","SIGA TECHNOLOGIES INC","Health Care","Equity","3,651,037.00","0.00","3,651,037.00","1,123,396.00","3.25","United States","NASDAQ","USD","1.00","USD","-"
"NC","NACCO INDUSTRIES INC CLASS A","Energy","Equity","3,634,887.80","0.00","3,634,887.80","96,365.00","37.72","United States","NYSE","USD","1.00","USD","-"
"CURI","CURIOSITYSTREAM INC CLASS A","Communication","Equity","3,635,661.12","0.00","3,635,661.12","1,165,276.00","3.12","United States","NASDAQ","USD","1.00","USD","-"
"PXED","PHOENIX EDUCATION PARTNERS","Consumer Discretionary","Equity","3,625,905.44","0.00","3,625,905.44","140,648.00","25.78","United States","NYSE","USD","1.00","USD","-"
"AOMR","ANGEL OAK MORTGAGE REIT","Financials","Equity","3,595,078.44","0.00","3,595,078.44","481,914.00","7.46","United States","NYSE","USD","1.00","USD","Jun 17, 2021"
"GLSI","GREENWICH LIFESCIENCES INC","Health Care","Equity","3,588,868.00","0.00","3,588,868.00","198,280.00","18.10","United States","NASDAQ","USD","1.00","USD","-"
"VERI","VERITONE INC","Information Technology","Equity","3,582,533.22","0.00","3,582,533.22","2,693,634.00","1.33","United States","NASDAQ","USD","1.00","USD","-"
"ZNTL","ZENTALIS PHARMACEUTICALS","Health Care","Equity","3,562,729.50","0.00","3,562,729.50","1,295,538.00","2.75","United States","NASDAQ","USD","1.00","USD","-"
"ARTV","ARTIVA BIOTHERAPEUTICS INC","Health Care","Equity","3,557,727.53","0.00","3,557,727.53","474,997.00","7.49","United States","NASDAQ","USD","1.00","USD","-"
"QTRX","QUANTERIX","Health Care","Equity","3,544,752.36","0.00","3,544,752.36","1,114,702.00","3.18","United States","NASDAQ","USD","1.00","USD","-"
"CBFV","CB FINANCIAL SERVICES INC","Financials","Equity","3,550,796.13","0.00","3,550,796.13","95,683.00","37.11","United States","NASDAQ","USD","1.00","USD","-"
"SNFCA","SECURITY NATIONAL FINANCIAL CORP C","Financials","Equity","3,531,889.23","0.00","3,531,889.23","407,369.00","8.67","United States","NASDAQ","USD","1.00","USD","-"
"BRT","BRT APARTMENTS CORP","Real Estate","Equity","3,506,076.60","0.00","3,506,076.60","255,918.00","13.70","United States","NYSE","USD","1.00","USD","-"
"SGC","SUPERIOR GROUP OF COMPANIES INC","Consumer Discretionary","Equity","3,508,475.55","0.00","3,508,475.55","279,115.00","12.57","United States","NASDAQ","USD","1.00","USD","-"
"ADCT","ADC THERAPEUTICS SA","Health Care","Equity","3,501,461.19","0.00","3,501,461.19","2,714,311.00","1.29","United States","NYSE","USD","1.00","USD","-"
"ALXO","ALX ONCOLOGY HOLDINGS INC","Health Care","Equity","3,492,008.44","0.00","3,492,008.44","2,577,128.00","1.36","United States","NASDAQ","USD","1.00","USD","-"
"ESP","ESPEY MANUFACTURING AND ELECTRONIC","Industrials","Equity","3,470,654.00","0.00","3,470,654.00","54,872.00","63.25","United States","Nyse Mkt Llc","USD","1.00","USD","-"
"RGCO","RGC RESOURCES INC","Utilities","Equity","3,470,696.38","0.00","3,470,696.38","167,021.00","20.78","United States","NASDAQ","USD","1.00","USD","-"
"WHG","WESTWOOD HOLDINGS GROUP INC","Financials","Equity","3,443,152.56","0.00","3,443,152.56","181,028.00","19.02","United States","NYSE","USD","1.00","USD","-"
"HUCK","HUCKLEBERRY AI INC CLASS B","Information Technology","Equity","3,433,236.06","0.00","3,433,236.06","1,012,754.00","3.39","United States","NASDAQ","USD","1.00","USD","-"
"CNTN","CANTON STRATEGIC HOLDINGS INC","Health Care","Equity","3,435,203.31","0.00","3,435,203.31","1,487,101.00","2.31","United States","NASDAQ","USD","1.00","USD","-"
"CDXS","CODEXIS","Health Care","Equity","3,425,785.01","0.00","3,425,785.01","2,500,573.00","1.37","United States","NASDAQ","USD","1.00","USD","-"
"MPLT","MAPLIGHT THERAPEUTICS","Health Care","Equity","3,428,609.44","0.00","3,428,609.44","318,644.00","10.76","United States","NASDAQ","USD","1.00","USD","-"
"AIRJ","AIRJOULE TECHNOLOGIES CLASS A","Industrials","Equity","3,420,075.15","0.00","3,420,075.15","844,463.00","4.05","United States","NASDAQ","USD","1.00","USD","-"
"ACDC","PROFRAC HOLDING CLASS A","Energy","Equity","3,420,690.24","0.00","3,420,690.24","753,456.00","4.54","United States","NASDAQ","USD","1.00","USD","-"
"XPOF","XPONENTIAL FITNESS CLASS A","Consumer Discretionary","Equity","3,399,630.00","0.00","3,399,630.00","906,568.00","3.75","United States","NYSE","USD","1.00","USD","-"
"BCBP","BCB BANCORP INC","Financials","Equity","3,404,345.00","0.00","3,404,345.00","389,068.00","8.75","United States","NASDAQ","USD","1.00","USD","-"
"EVMN","EVOMMUNE","Health Care","Equity","3,386,609.60","0.00","3,386,609.60","384,842.00","8.80","United States","NYSE","USD","1.00","USD","-"
"SES","SES AI CLASS A","Industrials","Equity","3,344,473.62","0.00","3,344,473.62","6,319,867.00","0.53","United States","NYSE","USD","1.00","USD","-"
"INGN","INOGEN","Health Care","Equity","3,337,749.39","0.00","3,337,749.39","638,193.00","5.23","United States","NASDAQ","USD","1.00","USD","-"
"SPRB","SPRUCE BIOSCIENCES","Health Care","Equity","3,339,879.66","0.00","3,339,879.66","68,133.00","49.02","United States","NASDAQ","USD","1.00","USD","-"
"AP","AMPCO PITTSBURGH CORP","Materials","Equity","3,308,853.48","0.00","3,308,853.48","381,644.00","8.67","United States","NYSE","USD","1.00","USD","-"
"MDWD","MEDIWOUND LTD","Health Care","Equity","3,300,570.99","0.00","3,300,570.99","238,653.00","13.83","Israel","NASDAQ","USD","1.00","USD","-"
"PLTK","PLAYTIKA HOLDING CORP","Communication","Equity","3,291,701.21","0.00","3,291,701.21","1,516,913.00","2.17","United States","NASDAQ","USD","1.00","USD","-"
"SRBK","SR BANCORP INC","Financials","Equity","3,288,356.10","0.00","3,288,356.10","170,735.00","19.26","United States","NASDAQ","USD","1.00","USD","-"
"INTT","INTEST CORP","Information Technology","Equity","3,262,188.16","0.00","3,262,188.16","279,776.00","11.66","United States","Nyse Mkt Llc","USD","1.00","USD","-"
"ANTX","AN2 THERAPEUTICS INC","Health Care","Equity","3,232,935.48","0.00","3,232,935.48","661,132.00","4.89","United States","NASDAQ","USD","1.00","USD","-"
"NKTX","NKARTA","Health Care","Equity","3,233,453.25","0.00","3,233,453.25","1,134,545.00","2.85","United States","NASDAQ","USD","1.00","USD","-"
"FHTX","FOGHORN THERAPEUTICS","Health Care","Equity","3,200,774.40","0.00","3,200,774.40","889,104.00","3.60","United States","NASDAQ","USD","1.00","USD","-"
"CRBP","CORBUS PHARMACEUTICALS HOLDINGS","Health Care","Equity","3,170,854.10","0.00","3,170,854.10","425,618.00","7.45","United States","NASDAQ","USD","1.00","USD","-"
"LAW","CS DISCO","Information Technology","Equity","3,162,922.25","0.00","3,162,922.25","744,217.00","4.25","United States","NYSE","USD","1.00","USD","-"
"ONL","ORION PROPERTIES","Real Estate","Equity","3,152,356.20","0.00","3,152,356.20","1,250,935.00","2.52","United States","NYSE","USD","1.00","USD","-"
"BRCB","BLACK ROCK COFFEE BAR CLASS A","Consumer Discretionary","Equity","3,146,840.11","0.00","3,146,840.11","437,669.00","7.19","United States","NASDAQ","USD","1.00","USD","-"
"CARL","CARLSMED","Health Care","Equity","3,130,680.54","0.00","3,130,680.54","211,247.00","14.82","United States","NASDAQ","USD","1.00","USD","-"
"CMTG","CLAROS MORTGAGE TRUST INC","Financials","Equity","3,120,326.30","0.00","3,120,326.30","2,400,251.00","1.30","United States","NYSE","USD","1.00","USD","-"
"INSE","INSPIRED ENTERTAINMENT INC","Consumer Discretionary","Equity","3,118,268.54","0.00","3,118,268.54","676,414.00","4.61","United States","NASDAQ","USD","1.00","USD","-"
"LFCR","LIFECORE BIOMEDICAL","Health Care","Equity","3,103,424.61","0.00","3,103,424.61","723,409.00","4.29","United States","NASDAQ","USD","1.00","USD","-"
"EVCM","EVERCOMMERCE INC","Information Technology","Equity","3,078,158.72","0.00","3,078,158.72","369,971.00","8.32","United States","NASDAQ","USD","1.00","USD","-"
"RNA","ATRIUM THERAPEUTICS INC","Health Care","Equity","3,064,910.94","0.00","3,064,910.94","374,226.00","8.19","United States","NASDAQ","USD","1.00","USD","-"
"DOUG","DOUGLAS ELLIMAN INC","Real Estate","Equity","3,046,057.11","0.00","3,046,057.11","1,990,887.00","1.53","United States","NYSE","USD","1.00","USD","-"
"SSTK","SHUTTERSTOCK","Communication","Equity","3,038,573.70","0.00","3,038,573.70","733,955.00","4.14","United States","NYSE","USD","1.00","USD","-"
"KLTR","KALTURA INC","Information Technology","Equity","3,027,981.74","0.00","3,027,981.74","2,276,678.00","1.33","United States","NASDAQ","USD","1.00","USD","-"
"LFMD","LIFEMD INC","Health Care","Equity","3,008,395.83","0.00","3,008,395.83","1,033,813.00","2.91","United States","NASDAQ","USD","1.00","USD","-"
"ALTG","ALTA EQUIPMENT GROUP INC CLASS A","Industrials","Equity","2,985,642.54","0.00","2,985,642.54","512,997.00","5.82","United States","NYSE","USD","1.00","USD","-"
"MVST","MICROVAST HOLDINGS","Industrials","Equity","2,968,380.73","0.00","2,968,380.73","4,324,564.00","0.69","United States","NASDAQ","USD","1.00","USD","-"
"LUCD","LUCID DIAGNOSTICS INC","Health Care","Equity","2,964,667.18","0.00","2,964,667.18","3,537,789.00","0.84","United States","NASDAQ","USD","1.00","USD","-"
"ULH","UNIVERSAL LOGISTICS HOLDINGS INC","Industrials","Equity","2,943,384.30","0.00","2,943,384.30","178,441.00","16.50","United States","NASDAQ","USD","1.00","USD","-"
"MLP","MAUI LAND AND PINEAPPLE INC","Real Estate","Equity","2,938,931.82","0.00","2,938,931.82","182,997.00","16.06","United States","NYSE","USD","1.00","USD","-"
"UNCY","UNICYCIVE THERAPEUTICS INC","Health Care","Equity","2,939,217.84","0.00","2,939,217.84","611,064.00","4.81","United States","NASDAQ","USD","1.00","USD","-"
"TTGT","TECHTARGET INC","Communication","Equity","2,927,036.25","0.00","2,927,036.25","780,543.00","3.75","United States","NASDAQ","USD","1.00","USD","-"
"GYRE","GYRE THERAPEUTICS","Health Care","Equity","2,866,499.12","0.00","2,866,499.12","391,064.00","7.33","United States","NASDAQ","USD","1.00","USD","-"
"HNVR","HANOVER BANCORP INC","Financials","Equity","2,852,136.70","0.00","2,852,136.70","109,445.00","26.06","United States","NASDAQ","USD","1.00","USD","-"
"CXDO","CREXENDO INC","Information Technology","Equity","2,835,333.27","0.00","2,835,333.27","483,021.00","5.87","United States","NASDAQ","USD","1.00","USD","-"
"CRBU","CARIBOU BIOSCIENCES","Health Care","Equity","2,841,840.00","0.00","2,841,840.00","2,273,472.00","1.25","United States","NASDAQ","USD","1.00","USD","-"
"NERV","MINERVA NEUROSCIENCES INC","Health Care","Equity","2,827,802.85","0.00","2,827,802.85","819,653.00","3.45","United States","NASDAQ","USD","1.00","USD","-"
"TKNO","ALPHA TEKNOVA","Health Care","Equity","2,817,601.26","0.00","2,817,601.26","303,294.00","9.29","United States","NASDAQ","USD","1.00","USD","-"
"EVI","EVI INDUSTRIES INC","Industrials","Equity","2,810,721.96","0.00","2,810,721.96","143,258.00","19.62","United States","Nyse Mkt Llc","USD","1.00","USD","-"
"PRLD","PRELUDE THERAPEUTICS","Health Care","Equity","2,799,779.01","0.00","2,799,779.01","701,699.00","3.99","United States","NASDAQ","USD","1.00","USD","-"
"EPM","EVOLUTION PETROLEUM CORP","Energy","Equity","2,780,329.53","0.00","2,780,329.53","765,931.00","3.63","United States","Nyse Mkt Llc","USD","1.00","USD","-"
"SVCO","SILVACO GROUP INC","Information Technology","Equity","2,766,250.80","0.00","2,766,250.80","326,980.00","8.46","United States","NASDAQ","USD","1.00","USD","-"
"ONEW","ONEWATER MARINE CLASS A INC","Consumer Discretionary","Equity","2,766,772.80","0.00","2,766,772.80","279,472.00","9.90","United States","NASDAQ","USD","1.00","USD","-"
"AMTX","AEMETIS INC","Energy","Equity","2,738,186.46","0.00","2,738,186.46","1,546,998.00","1.77","United States","NASDAQ","USD","1.00","USD","-"
"CAMP","CAMP4 THERAPEUTICS CORP","Health Care","Equity","2,720,375.04","0.00","2,720,375.04","708,431.00","3.84","United States","NASDAQ","USD","1.00","USD","-"
"KRRO","KORRO BIO","Health Care","Equity","2,724,703.41","0.00","2,724,703.41","284,713.00","9.57","United States","NASDAQ","USD","1.00","USD","-"
"LCUT","LIFETIME BRANDS INC","Consumer Discretionary","Equity","2,705,897.04","0.00","2,705,897.04","292,846.00","9.24","United States","NASDAQ","USD","1.00","USD","-"
"CVGI","COMMERCIAL VEHICLE GROUP INC","Industrials","Equity","2,696,770.37","0.00","2,696,770.37","895,937.00","3.01","United States","NASDAQ","USD","1.00","USD","-"
"NODK","NI HOLDINGS INC","Financials","Equity","2,702,351.07","0.00","2,702,351.07","183,459.00","14.73","United States","NASDAQ","USD","1.00","USD","-"
"RAIL","FREIGHTCAR AMERICA INC","Industrials","Equity","2,690,024.54","0.00","2,690,024.54","362,537.00","7.42","United States","NASDAQ","USD","1.00","USD","-"
"RBKB","RHINEBECK BANCORP INC","Financials","Equity","2,650,261.10","0.00","2,650,261.10","206,246.00","12.85","United States","NASDAQ","USD","1.00","USD","-"
"STRW","STRAWBERRY FIELDS REIT INC","Real Estate","Equity","2,638,739.50","0.00","2,638,739.50","198,850.00","13.27","United States","Nyse Mkt Llc","USD","1.00","USD","-"
"SAMG","SILVERCREST ASSET MANAGEMENT GROUP","Financials","Equity","2,628,497.96","0.00","2,628,497.96","259,733.00","10.12","United States","NASDAQ","USD","1.00","USD","-"
"BETR","BETTER HOME FINANCE HOLDING CLASS","Financials","Equity","2,620,212.28","0.00","2,620,212.28","241,717.00","10.84","United States","NASDAQ","USD","1.00","USD","-"
"LE","LAND END","Consumer Discretionary","Equity","2,592,879.08","0.00","2,592,879.08","250,762.00","10.34","United States","NASDAQ","USD","1.00","USD","-"
"BHR","BRAEMAR HOTELS RESORTS INC","Real Estate","Equity","2,595,056.67","0.00","2,595,056.67","1,517,577.00","1.71","United States","NYSE","USD","1.00","USD","-"
"ABOS","ACUMEN PHARMACEUTICALS INC","Health Care","Equity","2,581,563.57","0.00","2,581,563.57","1,155,062.00","2.23","United States","NASDAQ","USD","1.00","USD","-"
"RNAC","CARTESIAN THERAPEUTICS","Health Care","Equity","2,558,788.38","0.00","2,558,788.38","335,799.00","7.62","United States","NASDAQ","USD","1.00","USD","-"
"ORGO","ORGANOGENESIS HOLDINGS CLASS A","Health Care","Equity","2,540,679.62","0.00","2,540,679.62","1,789,211.00","1.42","United States","NASDAQ","USD","1.00","USD","-"
"EGAN","EGAIN CORP","Information Technology","Equity","2,527,942.95","0.00","2,527,942.95","436,605.00","5.79","United States","NASDAQ","USD","1.00","USD","-"
"CBNA","CHAIN BRIDGE BANCORP INC CLASS A","Financials","Equity","2,512,587.77","0.00","2,512,587.77","52,997.00","47.41","United States","NYSE","USD","1.00","USD","-"
"TRAK","REPOSITRAK INC","Information Technology","Equity","2,506,777.59","0.00","2,506,777.59","303,117.00","8.27","United States","NYSE","USD","1.00","USD","-"
"SION","SIONNA THERAPEUTICS","Health Care","Equity","2,509,944.99","0.00","2,509,944.99","479,913.00","5.23","United States","NASDAQ","USD","1.00","USD","-"
"FINW","FINWISE BANCORP","Financials","Equity","2,466,563.76","0.00","2,466,563.76","218,667.00","11.28","United States","NASDAQ","USD","1.00","USD","-"
"GWRS","GLOBAL WATER RESOURCES INC","Utilities","Equity","2,375,798.86","0.00","2,375,798.86","299,219.00","7.94","United States","NASDAQ","USD","1.00","USD","-"
"PAL","PROFICIENT AUTO LOGISTICS INC","Industrials","Equity","2,356,973.64","0.00","2,356,973.64","623,538.00","3.78","United States","NASDAQ","USD","1.00","USD","-"
"GLIBA","LIBERTY CAPITAL SERIES A","Communication","Equity","2,362,445.46","0.00","2,362,445.46","100,701.00","23.46","United States","NASDAQ","USD","1.00","USD","-"
"ECBK","ECB BANCORP INC","Financials","Equity","2,328,998.40","0.00","2,328,998.40","112,512.00","20.70","United States","NASDAQ","USD","1.00","USD","-"
"KVHI","KVH INDUSTRIES INC","Information Technology","Equity","2,316,336.38","0.00","2,316,336.38","313,442.00","7.39","United States","NASDAQ","USD","1.00","USD","-"
"LYEL","LYELL IMMUNOPHARMA","Health Care","Equity","2,277,789.36","0.00","2,277,789.36","225,078.00","10.12","United States","NASDAQ","USD","1.00","USD","-"
"BDTX","BLACK DIAMOND THERAPEUTICS INC","Health Care","Equity","2,266,314.12","0.00","2,266,314.12","1,199,108.00","1.89","United States","NASDAQ","USD","1.00","USD","-"
"CPSS","CONSUMER PORTFOLIO SERVICES INC","Financials","Equity","2,263,051.77","0.00","2,263,051.77","241,521.00","9.37","United States","NASDAQ","USD","1.00","USD","-"
"HQI","HIREQUEST INC","Industrials","Equity","2,234,718.75","0.00","2,234,718.75","119,185.00","18.75","United States","NASDAQ","USD","1.00","USD","-"
"ELA","ENVELA CORP","Consumer Discretionary","Equity","2,210,721.12","0.00","2,210,721.12","175,176.00","12.62","United States","Nyse Mkt Llc","USD","1.00","USD","-"
"SBC","SBC MEDICAL GROUP HOLDINGS INC","Health Care","Equity","2,154,975.25","0.00","2,154,975.25","453,679.00","4.75","United States","NASDAQ","USD","1.00","USD","-"
"CURV","TORRID HOLDINGS INC","Consumer Discretionary","Equity","2,115,724.00","0.00","2,115,724.00","867,100.00","2.44","United States","NYSE","USD","1.00","USD","-"
"CABO","CABLE ONE INC","Communication","Equity","2,096,311.23","0.00","2,096,311.23","134,121.00","15.63","United States","NYSE","USD","1.00","USD","-"
"SWMR","SWARMER INC","Industrials","Equity","2,096,904.68","0.00","2,096,904.68","95,444.00","21.97","United States","NASDAQ","USD","1.00","USD","-"
"OFLX","OMEGA FLEX INC","Industrials","Equity","2,090,821.56","0.00","2,090,821.56","83,068.00","25.17","United States","NASDAQ","USD","1.00","USD","-"
"STXS","STEREOTAXIS INC","Health Care","Equity","2,091,057.75","0.00","2,091,057.75","1,620,975.00","1.29","United States","Nyse Mkt Llc","USD","1.00","USD","-"
"EPSN","EPSILON ENERGY LTD","Energy","Equity","2,065,600.62","0.00","2,065,600.62","342,554.00","6.03","United States","NASDAQ","USD","1.00","USD","-"
"RDNW","RIDENOW GROUP INC CLASS B","Consumer Discretionary","Equity","2,058,335.36","0.00","2,058,335.36","338,542.00","6.08","United States","NASDAQ","USD","1.00","USD","-"
"BRCC","BRC INC CLASS A","Consumer Staples","Equity","2,063,461.36","0.00","2,063,461.36","228,259.00","9.04","United States","NYSE","USD","1.00","USD","-"
"BH A","BIGLARI HOLDINGS INC CLASS A","Consumer Discretionary","Equity","2,045,035.08","0.00","2,045,035.08","1,188.00","1,721.41","United States","NYSE","USD","1.00","USD","-"
"LDI","LOANDEPOT CLASS A","Financials","Equity","2,034,386.72","0.00","2,034,386.72","3,073,556.00","0.66","United States","NYSE","USD","1.00","USD","-"
"DIBS","1STDIBS COM INC","Consumer Discretionary","Equity","2,022,395.85","0.00","2,022,395.85","499,357.00","4.05","United States","NASDAQ","USD","1.00","USD","-"
"LENZ","LENZ THERAPEUTICS","Health Care","Equity","1,986,844.56","0.00","1,986,844.56","534,098.00","3.72","United States","NASDAQ","USD","1.00","USD","-"
"FOA","FINANCE OF AMERICA COMPANIES INC C","Financials","Equity","1,964,695.48","0.00","1,964,695.48","136,532.00","14.39","United States","NYSE","USD","1.00","USD","-"
"TRON","TRON INC","Consumer Discretionary","Equity","1,932,176.82","0.00","1,932,176.82","1,314,406.00","1.47","United States","NASDAQ","USD","1.00","USD","-"
"DMRC","DIGIMARC","Information Technology","Equity","1,874,769.52","0.00","1,874,769.52","379,508.00","4.94","United States","NASDAQ","USD","1.00","USD","-"
"KLC","KINDERCARE LEARNING COMPANIES INC","Consumer Discretionary","Equity","1,836,164.00","0.00","1,836,164.00","834,620.00","2.20","United States","NYSE","USD","1.00","USD","-"
"WATT","ENERGOUS CORP","Industrials","Equity","1,801,235.52","0.00","1,801,235.52","136,872.00","13.16","United States","NASDAQ","USD","1.00","USD","-"
"TCX","TUCOWS INC","Information Technology","Equity","1,795,465.20","0.00","1,795,465.20","176,026.00","10.20","United States","NASDAQ","USD","1.00","USD","-"
"ZENA","ZENATECH","Information Technology","Equity","1,774,289.82","0.00","1,774,289.82","1,215,267.00","1.46","Canada","NASDAQ","USD","1.00","USD","-"
"RFIL","RF INDUSTRIES LTD","Information Technology","Equity","1,769,140.83","0.00","1,769,140.83","212,893.00","8.31","United States","NASDAQ","USD","1.00","USD","-"
"OPTX","SYNTEC OPTICS HOLDINGS INC CLASS A","Information Technology","Equity","1,749,743.53","0.00","1,749,743.53","239,363.00","7.31","United States","NASDAQ","USD","1.00","USD","-"
"NMRA","NEUMORA THERAPEUTICS INC","Health Care","Equity","1,746,227.60","0.00","1,746,227.60","2,483,612.00","0.70","United States","NASDAQ","USD","1.00","USD","-"
"MOBI","MOBIA MEDICAL INC","Health Care","Equity","1,720,927.78","0.00","1,720,927.78","195,338.00","8.81","United States","NASDAQ","USD","1.00","USD","-"
"TENX","TENAX THERAPEUTICS INC","Health Care","Equity","1,722,118.86","0.00","1,722,118.86","911,174.00","1.89","United States","NASDAQ","USD","1.00","USD","-"
"NPWR","NET POWER CLASS A","Industrials","Equity","1,712,134.07","0.00","1,712,134.07","1,050,389.00","1.63","United States","NYSE","USD","1.00","USD","-"
"SMID","SMITH MIDLAND CORP","Materials","Equity","1,702,873.88","0.00","1,702,873.88","70,894.00","24.02","United States","NASDAQ","USD","1.00","USD","-"
"PAMT","PAMT CORP","Industrials","Equity","1,683,727.32","0.00","1,683,727.32","143,418.00","11.74","United States","NASDAQ","USD","1.00","USD","-"
"OKUR","ONKURE THERAPEUTICS INC CLASS A","Health Care","Equity","1,653,486.90","0.00","1,653,486.90","564,330.00","2.93","United States","NASDAQ","USD","1.00","USD","-"
"THRY","THRYV HOLDINGS INC","Information Technology","Equity","1,592,750.95","0.00","1,592,750.95","889,805.00","1.79","United States","NASDAQ","USD","1.00","USD","-"
"SUJA","SUJA LIFE INC CLASS A","Consumer Staples","Equity","1,533,842.80","0.00","1,533,842.80","187,054.00","8.20","United States","NASDAQ","USD","1.00","USD","-"
"BZAI","BLAIZE HOLDINGS INC","Information Technology","Equity","1,535,340.26","0.00","1,535,340.26","3,024,705.00","0.51","United States","NASDAQ","USD","1.00","USD","-"
"VENU","VENU HOLDING CORP","Consumer Discretionary","Equity","1,538,016.00","0.00","1,538,016.00","1,025,344.00","1.50","United States","Nyse Mkt Llc","USD","1.00","USD","-"
"INH","INHIBRX INC CVR","Health Care","Equity","1,525,317.12","0.00","1,525,317.12","794,436.00","1.92","United States","NO MARKET (E.G. UNLISTED)","USD","1.00","USD","-"
"ACR","ACRES COMMERCIAL REALTY","Financials","Equity","1,518,573.76","0.00","1,518,573.76","138,556.00","10.96","United States","NYSE","USD","1.00","USD","-"
"CHCI","COMSTOCK HOLDING COMPANIES INC CLA","Real Estate","Equity","1,518,961.80","0.00","1,518,961.80","78,297.00","19.40","United States","NASDAQ","USD","1.00","USD","-"
"FLWS","1-800 FLOWERS.COM CLASS A","Consumer Discretionary","Equity","1,479,001.35","0.00","1,479,001.35","526,335.00","2.81","United States","NASDAQ","USD","1.00","USD","-"
"ACH","ACCENDRA HEALTH","Health Care","Equity","1,437,492.86","0.00","1,437,492.86","1,960,574.00","0.73","United States","NYSE","USD","1.00","USD","-"
"CIX","COMPX INTERNATIONAL INC CLASS A","Industrials","Equity","1,416,678.20","0.00","1,416,678.20","39,070.00","36.26","United States","Nyse Mkt Llc","USD","1.00","USD","-"
"TCI","TRANSCONTINENTAL REALTY INVESTORS","Real Estate","Equity","1,402,854.21","0.00","1,402,854.21","32,391.00","43.31","United States","NYSE","USD","1.00","USD","-"
"VHI","VALHI INC","Materials","Equity","1,380,540.75","0.00","1,380,540.75","86,015.00","16.05","United States","NYSE","USD","1.00","USD","-"
"FJET","STARFIGHTERS SPACE INC","Industrials","Equity","1,370,329.20","0.00","1,370,329.20","761,294.00","1.80","United States","Nyse Mkt Llc","USD","1.00","USD","-"
"MKTW","MARKETWISE INC CLASS A","Financials","Equity","1,345,383.25","0.00","1,345,383.25","70,255.00","19.15","United States","NASDAQ","USD","1.00","USD","-"
"HYPR","HYPERFINE CLASS A","Health Care","Equity","1,331,384.70","0.00","1,331,384.70","1,672,804.00","0.80","United States","NASDAQ","USD","1.00","USD","-"
"INSG","INSEEGO","Information Technology","Equity","1,326,692.00","0.00","1,326,692.00","331,673.00","4.00","United States","NASDAQ","USD","1.00","USD","-"
"NAUT","NAUTILUS BIOTECHNOLGY","Health Care","Equity","1,310,715.77","0.00","1,310,715.77","1,323,287.00","0.99","United States","NASDAQ","USD","1.00","USD","-"
"NL","NLI HOLDINGS INC","Industrials","Equity","1,312,502.40","0.00","1,312,502.40","186,435.00","7.04","United States","NYSE","USD","1.00","USD","-"
"FCBM","FIRST CAROLINA FINANCIAL SERVICES","Financials","Equity","1,304,643.37","0.00","1,304,643.37","102,647.00","12.71","United States","NYSE","USD","1.00","USD","-"
"PLBY","PLAYBOY INC","Consumer Discretionary","Equity","1,228,819.84","0.00","1,228,819.84","1,159,264.00","1.06","United States","NASDAQ","USD","1.00","USD","-"
"INV","INNVENTURE INC","Financials","Equity","1,180,850.13","0.00","1,180,850.13","1,470,365.00","0.80","United States","NASDAQ","USD","1.00","USD","-"
"RDZN","ROADZEN INC","Information Technology","Equity","1,166,218.45","0.00","1,166,218.45","907,563.00","1.28","United States","NASDAQ","USD","1.00","USD","-"
"AKE","AKERO THERAPEUTICS CVR","Health Care","Equity","1,125,266.35","0.00","1,125,266.35","1,731,179.00","0.65","United States","NASDAQ","USD","1.00","USD","-"
"BNAI","BRAND ENGAGEMENT NETWORK INC","Information Technology","Equity","1,110,588.68","0.00","1,110,588.68","171,255.00","6.49","United States","NASDAQ","USD","1.00","USD","-"
"OPAL","OPAL FUELS CLASS A","Energy","Equity","1,101,159.04","0.00","1,101,159.04","598,456.00","1.84","United States","NASDAQ","USD","1.00","USD","-"
"VALU","VALUE LINE INC","Financials","Equity","1,098,286.24","0.00","1,098,286.24","27,932.00","39.32","United States","NASDAQ","USD","1.00","USD","-"
"HRTX","HERON THERAPEUTICS INC","Health Care","Equity","1,059,635.35","0.00","1,059,635.35","3,653,915.00","0.29","United States","NASDAQ","USD","1.00","USD","-"
"SBMT","SILVER BOW MINING CORP","Materials","Equity","1,049,567.05","0.00","1,049,567.05","130,381.00","8.05","United States","Nyse Mkt Llc","USD","1.00","USD","-"
"IDN","INTELLICHECK INC","Information Technology","Equity","1,023,619.20","0.00","1,023,619.20","426,508.00","2.40","United States","NASDAQ","USD","1.00","USD","-"
"FGBI","FIRST GUARANTY BANCSHARES INC","Financials","Equity","1,007,488.79","0.00","1,007,488.79","127,369.00","7.91","United States","NASDAQ","USD","1.00","USD","-"
"CVRX","CVRX INC","Health Care","Equity","932,368.25","0.00","932,368.25","368,525.00","2.53","United States","NASDAQ","USD","1.00","USD","-"
"VATE","INNOVATE CORP","Industrials","Equity","924,614.08","0.00","924,614.08","122,954.00","7.52","United States","NYSE","USD","1.00","USD","-"
"TOYO","TOYO LTD","Information Technology","Equity","870,535.05","0.00","870,535.05","200,123.00","4.35","Japan","NASDAQ","USD","1.00","USD","-"
"CNTX","CONTEXT THERAPEUTICS INC","Health Care","Equity","857,272.17","0.00","857,272.17","2,310,084.00","0.37","United States","NASDAQ","USD","1.00","USD","-"
"KPTI","KARYOPHARM THERAPEUTICS","Health Care","Equity","841,165.79","0.00","841,165.79","486,223.00","1.73","United States","NASDAQ","USD","1.00","USD","-"
"TYGO","TIGO ENERGY","Industrials","Equity","824,002.96","0.00","824,002.96","936,367.00","0.88","United States","NASDAQ","USD","1.00","USD","-"
"AFRI","FORAFRIC GLOBAL PLC","Consumer Staples","Equity","817,426.20","0.00","817,426.20","73,642.00","11.10","Gibraltar","NASDAQ","USD","1.00","USD","-"
"REA","RARE EARTHS AMERICAS INC","Materials","Equity","784,341.36","0.00","784,341.36","72,024.00","10.89","United States","Nyse Mkt Llc","USD","1.00","USD","-"
"LEE","LEE ENTERPRISES INC","Communication","Equity","777,001.29","0.00","777,001.29","113,763.00","6.83","United States","NASDAQ","USD","1.00","USD","-"
"SHIM","SHIMMICK CORP","Industrials","Equity","765,384.38","0.00","765,384.38","229,157.00","3.34","United States","NASDAQ","USD","1.00","USD","-"
"AIRS","AIRSCULPT TECHNOLOGIES INC","Health Care","Equity","744,723.77","0.00","744,723.77","366,859.00","2.03","United States","NASDAQ","USD","1.00","USD","-"
"LVWR","LIVEWIRE GROUP","Consumer Discretionary","Equity","735,203.61","0.00","735,203.61","521,421.00","1.41","United States","NYSE","USD","1.00","USD","-"
"ARMP","ARMATA PHARMACEUTICALS","Health Care","Equity","707,405.92","0.00","707,405.92","195,416.00","3.62","United States","Nyse Mkt Llc","USD","1.00","USD","-"
"USGO","US GOLDMINING INC","Materials","Equity","700,051.98","0.00","700,051.98","96,826.00","7.23","United States","NASDAQ","USD","1.00","USD","-"
"ELTX","ELICIO THERAPEUTICS INC","Health Care","Equity","594,239.80","0.00","594,239.80","316,085.00","1.88","United States","NASDAQ","USD","1.00","USD","-"
"FLYX","FLYEXCLUSIVE INC CLASS A","Industrials","Equity","490,653.12","0.00","490,653.12","395,688.00","1.24","United States","Nyse Mkt Llc","USD","1.00","USD","-"
"UP","WHEELS UP EXPERIENCE CLASS A","Industrials","Equity","496,445.40","0.00","496,445.40","125,365.00","3.96","United States","NYSE","USD","1.00","USD","-"
"ARL","AMERICAN REALTY INVESTORS INC","Real Estate","Equity","458,411.76","0.00","458,411.76","29,124.00","15.74","United States","NYSE","USD","1.00","USD","-"
"RENT","RENT THE RUNWAY CLASS A","Consumer Discretionary","Equity","450,084.76","0.00","450,084.76","251,444.00","1.79","United States","NASDAQ","USD","1.00","USD","-"
"METCB","RAMACO RESOURCES CLASS B","Materials","Equity","430,786.02","0.00","430,786.02","91,462.00","4.71","United States","NASDAQ","USD","1.00","USD","-"
"CNTB","CONNECT BIOPHARMA HOLDINGS LTD","Health Care","Equity","418,762.30","0.00","418,762.30","380,693.00","1.10","United States","NASDAQ","USD","1.00","USD","-"
"ADRO","CHINOOK THERAPEUTICS INC","Health Care","Equity","223,817.75","0.00","223,817.75","1,316,575.00","0.17","United States","NO MARKET (E.G. UNLISTED)","USD","1.00","USD","-"
"ADRO","CHINOOK THERAPEUTICS INC CVR","Health Care","Equity","138,892.89","0.00","138,892.89","272,339.00","0.51","United States","NO MARKET (E.G. UNLISTED)","USD","1.00","USD","-"
"-","ARCELLX INC CVR","Health Care","Equity","65,585.87","0.00","65,585.87","936,941.00","0.07","United States","NO MARKET (E.G. UNLISTED)","USD","1.00","USD","-"
"CAD","CAD CASH","Cash and/or Derivatives","Cash","0.01","0.00","0.01","0.00","70.73","Canada","-","USD","1.41","CAD","-"
"MSCO","CASH COLLATERAL USD MS","Cash and/or Derivatives","Cash Collateral and Margins","10.02","0.00","10.02","10.00","100.00","United States","-","USD","1.00","USD","Dec 18, 2013"
"PDLI","PDL BIOPHARMA INC","Health Care","Equity","0.12","0.00","0.12","11,853.00","0.00","United States","NASDAQ","USD","1.00","USD","-"
"GTXI","GTXI INC - CVR","Health Care","Equity","0.13","0.00","0.13","13,273.00","0.00","United States","NASDAQ","USD","1.00","USD","-"
"P5N994","Petrocorp Inc Escrow","Energy","Equity","0.26","0.00","0.26","26,106.00","0.00","United States","Non-Nms Quotation Service (Nnqs)","USD","1.00","USD","-"
"SBT","STERLING BANCORP INC","Financials","Equity","5.81","0.00","5.81","580,763.00","0.00","United States","NASDAQ","USD","1.00","USD","-"
"THRD","THIRD HARMONIC BIO INC","Health Care","Equity","6.03","0.00","6.03","603,448.00","0.00","United States","NASDAQ","USD","1.00","USD","-"
"TSE","TRINSEO PLC Prvt","Materials","Equity","7.64","0.00","7.64","764,143.00","0.00","United States","NO MARKET (E.G. UNLISTED)","USD","1.00","USD","-"
"-","OMNIAB INC $12.50 VESTING Prvt","Health Care","Equity","1.31","0.00","1.31","130,676.00","0.00","United States","NO MARKET (E.G. UNLISTED)","USD","1.00","USD","-"
"-","OMNIAB INC $15.00 VESTING Prvt","Health Care","Equity","1.31","0.00","1.31","130,676.00","0.00","United States","NO MARKET (E.G. UNLISTED)","USD","1.00","USD","-"
"RTYZ6","RUSSELL 2000 EMINI CME DEC 26","Cash and/or Derivatives","Futures","0.00","0.00","261,397,200.00","1,830.00","2,856.80","-","Chicago Mercantile Exchange","USD","1.00","USD","-"
